,duration,batch_size,hidden_size,num_layers,dropout,stride,c50ValMetric,snrValMetric,vadOptiTh,vadValMetric,ValidationMetric,TrainLoss,vadLoss,snrLoss,c50Loss,best_epoch,name,only_vad
0,6,128,128,3,0.3,10,17.05702781677246,40.00739669799805,0.4600001573562622,0.9821310639381409,0.017101755365729332,0.07822845876216888,0.07822857052087784,1.5377750396728516,1.0191470384597778,32.0,dur_6_bs_128_lstm_hs_128_lstm_nl_3_dropout_0.3_only_vad,True
1,10,64,256,2,0.5,10,3.734159469604492,4.361837387084961,0.3999999165534973,0.9833200573921204,0.03842144459486008,0.2121274471282959,0.07784032076597214,0.08876364678144455,0.04552338272333145,17.0,dur_10_bs_64_lstm_hs_256_lstm_nl_2_dropout_0.5,False
2,8,32,256,3,0.3,10,3.894238233566284,4.385685443878174,0.43999987840652466,0.9838805794715881,0.03880690410733223,0.20623984932899475,0.07587885111570358,0.09167715162038803,0.038683969527482986,28.0,dur_8_bs_32_lstm_hs_256_lstm_nl_3_dropout_0.3,False
3,10,64,256,2,0.3,10,3.8989181518554688,4.272216320037842,0.3800000846385956,0.9844078421592712,0.03852960839867592,0.18414396047592163,0.07390967011451721,0.07782444357872009,0.03240983560681343,31.0,dur_10_bs_64_lstm_hs_256_lstm_nl_2_dropout_0.3,False
4,8,128,256,2,0.3,10,30.75261688232422,19.89383888244629,0.4400000274181366,0.9847844243049622,0.01470751129090786,0.06811986118555069,0.06811991333961487,1.4872316122055054,2.6219301223754883,32.0,dur_8_bs_128_lstm_hs_256_lstm_nl_2_dropout_0.3_only_vad,True
5,4,64,256,3,0.0,10,23.53676414489746,13.222893714904785,0.400000661611557,0.9791008234024048,0.01882322132587433,0.10600326955318451,0.10600313544273376,0.7812161445617676,1.8532589673995972,17.0,dur_4_bs_64_lstm_hs_256_lstm_nl_3_dropout_0_only_vad,True
6,8,128,256,3,0.5,10,18.551965713500977,29.796653747558594,0.4400000274181366,0.9842674136161804,0.015224959701299667,0.07302021235227585,0.07302030920982361,2.228548526763916,1.2425851821899414,33.0,dur_8_bs_128_lstm_hs_256_lstm_nl_3_dropout_0.5_only_vad,True
7,6,128,256,2,0.5,10,4.113489627838135,4.52487850189209,0.3999998867511749,0.981232762336731,0.0414801687002182,0.22710461914539337,0.0831574946641922,0.09127915650606155,0.05266809090971947,30.0,dur_6_bs_128_lstm_hs_256_lstm_nl_2_dropout_0.5,False
8,6,128,256,2,0.0,10,24.72466468811035,11.7371826171875,0.43999990820884705,0.9824157953262329,0.017014428973197937,0.07569373399019241,0.07569363713264465,0.4235396087169647,1.8013386726379395,29.0,dur_6_bs_128_lstm_hs_256_lstm_nl_2_dropout_0_only_vad,True
9,6,64,128,2,0.5,10,4.167749881744385,4.910152435302734,0.5200005173683167,0.980079710483551,0.04328639805316925,0.2866969704627991,0.09357751160860062,0.10958044230937958,0.08353910595178604,32.0,dur_6_bs_64_lstm_hs_128_lstm_nl_2_dropout_0.5,False
10,4,32,256,2,0.5,10,16.4752197265625,14.129088401794434,0.45999962091445923,0.9767577052116394,0.02011081762611866,0.12191897630691528,0.1219186931848526,0.5033723711967468,0.7487972974777222,3.0,dur_4_bs_32_lstm_hs_256_lstm_nl_2_dropout_0.5_only_vad,True
11,6,32,128,3,0.5,10,20.759815216064453,17.07127571105957,0.400000661611557,0.9790705442428589,0.018750740215182304,0.09549788385629654,0.09549795091152191,1.4868422746658325,1.3237535953521729,9.0,dur_6_bs_32_lstm_hs_128_lstm_nl_3_dropout_0.5_only_vad,True
12,10,64,128,3,0.5,10,3.8110709190368652,4.508911609649658,0.43999993801116943,0.9840022325515747,0.039088502526283264,0.2122129201889038,0.07823937386274338,0.08674099296331406,0.04723244532942772,23.0,dur_10_bs_64_lstm_hs_128_lstm_nl_3_dropout_0.5,False
13,6,64,128,2,0.0,10,4.131990909576416,4.64039421081543,0.4599996507167816,0.9813147783279419,0.041885603219270706,0.22954149544239044,0.08470416069030762,0.08822869509458542,0.05660853534936905,32.0,dur_6_bs_64_lstm_hs_128_lstm_nl_2_dropout_0,False
14,10,128,256,3,0.3,10,27.928855895996094,35.79738235473633,0.36000004410743713,0.985160768032074,0.014392022043466568,0.06560704112052917,0.06560705602169037,1.6553385257720947,2.066840171813965,31.0,dur_10_bs_128_lstm_hs_256_lstm_nl_3_dropout_0.3_only_vad,True
15,6,32,128,2,0.5,10,22.92222023010254,30.151559829711914,0.4199993312358856,0.9818925261497498,0.01618461310863495,0.08280317485332489,0.0828031674027443,2.428232192993164,1.5732901096343994,31.0,dur_6_bs_32_lstm_hs_128_lstm_nl_2_dropout_0.5_only_vad,True
16,10,128,128,3,0.5,10,17.120418548583984,31.9910888671875,0.3800000846385956,0.9847685694694519,0.014684592373669147,0.0701896995306015,0.07018977403640747,2.28000807762146,0.9814605712890625,31.0,dur_10_bs_128_lstm_hs_128_lstm_nl_3_dropout_0.5_only_vad,True
17,8,64,128,3,0.5,10,19.12605094909668,16.305246353149414,0.4799997806549072,0.9846757054328918,0.014430033043026924,0.0720394179224968,0.07203980535268784,0.6417835354804993,1.0642048120498657,34.0,dur_8_bs_64_lstm_hs_128_lstm_nl_3_dropout_0.5_only_vad,True
18,6,64,128,3,0.3,10,20.240636825561523,12.072067260742188,0.4200001657009125,0.9817212820053101,0.016808684915304184,0.08031318336725235,0.08031325042247772,0.7028106451034546,1.309532880783081,29.0,dur_6_bs_64_lstm_hs_128_lstm_nl_3_dropout_0.3_only_vad,True
19,6,32,256,2,0.0,10,19.295780181884766,16.343914031982422,0.400000661611557,0.9815254211425781,0.016673147678375244,0.08618062734603882,0.08618089556694031,0.6410905122756958,0.9459773898124695,12.0,dur_6_bs_32_lstm_hs_256_lstm_nl_2_dropout_0_only_vad,True
20,8,32,128,2,0.0,10,27.80489730834961,31.14533042907715,0.41999977827072144,0.9844741225242615,0.014212307520210743,0.07146327197551727,0.07146331667900085,2.7439064979553223,2.5757882595062256,33.0,dur_8_bs_32_lstm_hs_128_lstm_nl_2_dropout_0_only_vad,True
21,10,32,128,2,0.0,10,24.724380493164062,16.779827117919922,0.31999996304512024,0.9851095080375671,0.013775886967778206,0.06861250847578049,0.06861241161823273,1.0562691688537598,2.019514560699463,31.0,dur_10_bs_32_lstm_hs_128_lstm_nl_2_dropout_0_only_vad,True
22,4,128,256,2,0.3,10,17.711061477661133,45.2955436706543,0.39999985694885254,0.9805300235748291,0.01840413734316826,0.09759190678596497,0.09759184718132019,3.6980130672454834,1.0643020868301392,32.0,dur_4_bs_128_lstm_hs_256_lstm_nl_2_dropout_0.3_only_vad,True
23,10,128,256,3,0.5,10,21.018205642700195,9.981878280639648,0.4200000762939453,0.9848191142082214,0.014719534665346146,0.07258142530918121,0.07258139550685883,0.46017318964004517,1.7669075727462769,27.0,dur_10_bs_128_lstm_hs_256_lstm_nl_3_dropout_0.5_only_vad,True
24,4,32,128,3,0.5,10,17.14918327331543,11.013461112976074,0.4400006830692291,0.9773308634757996,0.019154872745275497,0.11836879700422287,0.11836864054203033,0.4619848132133484,0.8252391219139099,5.0,dur_4_bs_32_lstm_hs_128_lstm_nl_3_dropout_0.5_only_vad,True
25,6,32,256,3,0.5,10,4.3690290451049805,4.763442516326904,0.4799998104572296,0.9809256792068481,0.043191730976104736,0.24745719134807587,0.08798431605100632,0.09467408806085587,0.0647987648844719,13.0,dur_6_bs_32_lstm_hs_256_lstm_nl_3_dropout_0.5,False
26,4,128,256,3,0.3,10,4.839803218841553,4.55310583114624,0.4599996507167816,0.9800199866294861,0.045407798141241074,0.25984513759613037,0.1012904942035675,0.08275559544563293,0.07579914480447769,27.0,dur_4_bs_128_lstm_hs_256_lstm_nl_3_dropout_0.3,False
27,10,32,256,3,0.3,10,3.785240888595581,4.2186598777771,0.30000007152557373,0.9846042990684509,0.03755827993154526,0.1646118462085724,0.07230455428361893,0.06300925463438034,0.029298027977347374,31.0,dur_10_bs_32_lstm_hs_256_lstm_nl_3_dropout_0.3,False
28,10,64,256,2,0.3,10,25.368167877197266,13.838459014892578,0.35999998450279236,0.9849016070365906,0.01437221560627222,0.06898315995931625,0.06898317486047745,0.2510611116886139,1.8919166326522827,24.0,dur_10_bs_64_lstm_hs_256_lstm_nl_2_dropout_0.3_only_vad,True
29,10,64,128,3,0.0,10,26.640687942504883,15.43107795715332,0.3999999165534973,0.9850799441337585,0.014327813871204853,0.06692717224359512,0.0669272392988205,0.8076160550117493,2.387310028076172,31.0,dur_10_bs_64_lstm_hs_128_lstm_nl_3_dropout_0_only_vad,True
30,6,64,256,2,0.3,10,24.408411026000977,20.019189834594727,0.39999982714653015,0.9800046682357788,0.018668323755264282,0.08997909724712372,0.089979387819767,1.7647908926010132,1.6460235118865967,12.0,dur_6_bs_64_lstm_hs_256_lstm_nl_2_dropout_0.3_only_vad,True
31,8,32,256,3,0.3,10,22.11044692993164,10.402974128723145,0.41999977827072144,0.9820343852043152,0.016478195786476135,0.09090692549943924,0.09090730547904968,0.24754028022289276,1.3752943277359009,3.0,dur_8_bs_32_lstm_hs_256_lstm_nl_3_dropout_0.3_only_vad,True
32,4,64,128,3,0.0,10,4.882711410522461,4.44946813583374,0.4199993312358856,0.9797025918960571,0.045130666345357895,0.29737183451652527,0.10368672758340836,0.10934039205312729,0.08434472978115082,27.0,dur_4_bs_64_lstm_hs_128_lstm_nl_3_dropout_0,False
33,4,128,256,3,0.5,10,23.720090866088867,20.9352970123291,0.42000019550323486,0.9786848425865173,0.020119568333029747,0.11021408438682556,0.11021427810192108,0.9110289812088013,2.5423076152801514,12.0,dur_4_bs_128_lstm_hs_256_lstm_nl_3_dropout_0.5_only_vad,True
34,6,32,128,2,0.3,10,4.024251937866211,4.712193012237549,0.4799998104572296,0.9807475209236145,0.041476741433143616,0.23626482486724854,0.08526145666837692,0.09597151726484299,0.05503169447183609,32.0,dur_6_bs_32_lstm_hs_128_lstm_nl_2_dropout_0.3,False
35,4,128,256,2,0.3,10,4.8178205490112305,4.453805446624756,0.4599996507167816,0.9794738292694092,0.04508008807897568,0.26447799801826477,0.10164643824100494,0.08636150509119034,0.07646991312503815,34.0,dur_4_bs_128_lstm_hs_256_lstm_nl_2_dropout_0.3,False
36,6,128,128,3,0.3,10,4.172454357147217,4.416950225830078,0.4799998700618744,0.9811450839042664,0.04142298549413681,0.23365478217601776,0.08351752907037735,0.09689749777317047,0.05323965102434158,31.0,dur_6_bs_128_lstm_hs_128_lstm_nl_3_dropout_0.3,False
37,6,64,256,2,0.0,10,4.0758256912231445,4.505093097686768,0.39999982714653015,0.9809905290603638,0.04122667387127876,0.19496598839759827,0.07922925055027008,0.07669223845005035,0.03904440253973007,31.0,dur_6_bs_64_lstm_hs_256_lstm_nl_2_dropout_0,False
38,6,64,256,3,0.0,10,27.772062301635742,27.21088981628418,0.4599996507167816,0.981792688369751,0.0168534517288208,0.08091739565134048,0.08091758191585541,1.2571748495101929,2.087406635284424,31.0,dur_6_bs_64_lstm_hs_256_lstm_nl_3_dropout_0_only_vad,True
39,10,64,128,2,0.5,10,3.8891358375549316,4.595686912536621,0.3999999165534973,0.9835612177848816,0.039881814271211624,0.2200382649898529,0.07958138734102249,0.08773048222064972,0.05272643640637398,28.0,dur_10_bs_64_lstm_hs_128_lstm_nl_2_dropout_0.5,False
40,10,128,256,3,0.3,10,3.897986650466919,4.264603137969971,0.40000006556510925,0.9844359755516052,0.03849627822637558,0.17501932382583618,0.07307461649179459,0.07018057256937027,0.031764108687639236,28.0,dur_10_bs_128_lstm_hs_256_lstm_nl_3_dropout_0.3,False
41,4,64,256,2,0.3,10,4.8085150718688965,4.649205207824707,0.4199993312358856,0.9793577194213867,0.04547019302845001,0.2910946309566498,0.10561009496450424,0.09883077442646027,0.08665408194065094,23.0,dur_4_bs_64_lstm_hs_256_lstm_nl_2_dropout_0.3,False
42,6,32,256,2,0.5,10,26.76203727722168,16.03972053527832,0.400000661611557,0.9799527525901794,0.01775253750383854,0.09082581102848053,0.09082592278718948,1.1234608888626099,1.6299726963043213,11.0,dur_6_bs_32_lstm_hs_256_lstm_nl_2_dropout_0.5_only_vad,True
43,6,32,256,2,0.3,10,4.049016952514648,4.626363754272461,0.360000342130661,0.9808842539787292,0.04124525561928749,0.23048143088817596,0.08299366384744644,0.09628789871931076,0.05120000243186951,30.0,dur_6_bs_32_lstm_hs_256_lstm_nl_2_dropout_0.3,False
44,8,64,256,3,0.5,10,3.8209948539733887,4.3304948806762695,0.45999979972839355,0.9840177297592163,0.038404304534196854,0.20514442026615143,0.07728990167379379,0.08451198786497116,0.043342676013708115,27.0,dur_8_bs_64_lstm_hs_256_lstm_nl_3_dropout_0.5,False
45,4,128,128,2,0.3,10,4.915306091308594,4.797784805297852,0.3799998164176941,0.9796674847602844,0.04676803946495056,0.3007359504699707,0.10807408392429352,0.0977870374917984,0.09487470239400864,25.0,dur_4_bs_128_lstm_hs_128_lstm_nl_2_dropout_0.3,False
46,6,128,128,2,0.0,10,4.156226634979248,4.5015153884887695,0.43999990820884705,0.9810567498207092,0.04168550297617912,0.24122542142868042,0.08491101861000061,0.09845240414142609,0.0578620620071888,32.0,dur_6_bs_128_lstm_hs_128_lstm_nl_2_dropout_0,False
47,6,64,256,2,0.0,10,24.600088119506836,10.787898063659668,0.4200001657009125,0.981906533241272,0.01689980924129486,0.0776396319270134,0.07763967663049698,0.5791824460029602,1.9462599754333496,31.0,dur_6_bs_64_lstm_hs_256_lstm_nl_2_dropout_0_only_vad,True
48,6,128,128,2,0.0,10,26.706701278686523,26.150609970092773,0.43999990820884705,0.98235023021698,0.01718652807176113,0.07704788446426392,0.07704784721136093,1.7123404741287231,2.490373134613037,28.0,dur_6_bs_128_lstm_hs_128_lstm_nl_2_dropout_0_only_vad,True
49,10,32,256,2,0.0,10,19.929615020751953,34.04772186279297,0.3799998164176941,0.9846031665802002,0.01432288158684969,0.07660673558712006,0.07660672813653946,3.8440606594085693,1.0190446376800537,19.0,dur_10_bs_32_lstm_hs_256_lstm_nl_2_dropout_0_only_vad,True
50,4,128,128,3,0.3,10,4.790721416473389,4.640998363494873,0.39999985694885254,0.9802447557449341,0.04535976052284241,0.2785433232784271,0.10444895178079605,0.09308097511529922,0.08101306855678558,32.0,dur_4_bs_128_lstm_hs_128_lstm_nl_3_dropout_0.3,False
51,8,128,128,2,0.3,10,4.021838188171387,4.632577419281006,0.3600001037120819,0.9828583598136902,0.0409117117524147,0.23428763449192047,0.08241605758666992,0.09242167323827744,0.059450019150972366,26.0,dur_8_bs_128_lstm_hs_128_lstm_nl_2_dropout_0.3,False
52,8,128,128,2,0.5,10,3.9883837699890137,4.493354320526123,0.46000009775161743,0.9833460450172424,0.040121495723724365,0.22412684559822083,0.08112668246030807,0.08569183200597763,0.05730827525258064,28.0,dur_8_bs_128_lstm_hs_128_lstm_nl_2_dropout_0.5,False
53,6,32,256,3,0.5,10,17.751312255859375,15.688874244689941,0.45999962091445923,0.9788455963134766,0.018701866269111633,0.09443454444408417,0.09443435072898865,1.1061478853225708,1.0500885248184204,6.0,dur_6_bs_32_lstm_hs_256_lstm_nl_3_dropout_0.5_only_vad,True
54,8,32,256,3,0.5,10,4.025918960571289,4.675270080566406,0.5200004577636719,0.983232319355011,0.04067826271057129,0.2646869719028473,0.08373653888702393,0.11528757214546204,0.06566307693719864,9.0,dur_8_bs_32_lstm_hs_256_lstm_nl_3_dropout_0.5,False
55,8,128,128,3,0.0,10,22.468971252441406,37.799835205078125,0.4200000762939453,0.9845836758613586,0.014959463849663734,0.06804345548152924,0.06804350763559341,3.107835054397583,1.9839459657669067,34.0,dur_8_bs_128_lstm_hs_128_lstm_nl_3_dropout_0_only_vad,True
56,6,64,128,2,0.3,10,4.092202663421631,4.563218593597412,0.4200001657009125,0.9816102981567383,0.04123913496732712,0.2330634891986847,0.08513050526380539,0.0902552455663681,0.057677868753671646,34.0,dur_6_bs_64_lstm_hs_128_lstm_nl_2_dropout_0.3,False
57,6,32,128,3,0.0,10,4.025799751281738,4.51173210144043,0.439999520778656,0.9808803200721741,0.04066458344459534,0.22156228125095367,0.08333064615726471,0.08731836825609207,0.05091366171836853,23.0,dur_6_bs_32_lstm_hs_128_lstm_nl_3_dropout_0,False
58,8,32,128,3,0.0,10,4.022643566131592,4.487290859222412,0.49999985098838806,0.9833366274833679,0.03999033942818642,0.2066890448331833,0.07834809273481369,0.08403374254703522,0.04430728778243065,22.0,dur_8_bs_32_lstm_hs_128_lstm_nl_3_dropout_0,False
59,6,64,256,3,0.3,10,3.988118886947632,4.373188495635986,0.47999969124794006,0.9815239906311035,0.0400778204202652,0.20749107003211975,0.08037686347961426,0.08285725116729736,0.04425685852766037,32.0,dur_6_bs_64_lstm_hs_256_lstm_nl_3_dropout_0.3,False
60,8,32,256,2,0.3,10,24.71993637084961,35.035274505615234,0.4000002145767212,0.9821763634681702,0.016007084399461746,0.08735206723213196,0.08735199272632599,3.006497859954834,2.2981982231140137,12.0,dur_8_bs_32_lstm_hs_256_lstm_nl_2_dropout_0.3_only_vad,True
61,10,32,256,2,0.5,10,4.027841091156006,4.633906841278076,0.4400002360343933,0.9836008548736572,0.040533822029829025,0.23462066054344177,0.08209068328142166,0.09084022045135498,0.061689697206020355,11.0,dur_10_bs_32_lstm_hs_256_lstm_nl_2_dropout_0.5,False
62,10,128,256,2,0.5,10,25.191743850708008,24.587724685668945,0.40000006556510925,0.9853824973106384,0.014129092916846275,0.06991013139486313,0.06991013139486313,2.3042619228363037,2.0443155765533447,24.0,dur_10_bs_128_lstm_hs_256_lstm_nl_2_dropout_0.5_only_vad,True
63,4,64,128,2,0.0,10,4.9823760986328125,4.6601738929748535,0.45999959111213684,0.9782451391220093,0.046756669878959656,0.3037465512752533,0.10797761380672455,0.10074150562286377,0.09502715617418289,21.0,dur_4_bs_64_lstm_hs_128_lstm_nl_2_dropout_0,False
64,4,32,256,3,0.3,10,22.4881591796875,11.812664031982422,0.45999962091445923,0.9746614098548889,0.022200927138328552,0.12971052527427673,0.12971021234989166,0.5569549798965454,1.1783689260482788,2.0,dur_4_bs_32_lstm_hs_256_lstm_nl_3_dropout_0.3_only_vad,True
65,6,64,128,3,0.3,10,4.10573148727417,4.478460788726807,0.49999988079071045,0.9813529849052429,0.04109935835003853,0.2199004590511322,0.08352165669202805,0.08406735211610794,0.05231158807873726,32.0,dur_6_bs_64_lstm_hs_128_lstm_nl_3_dropout_0.3,False
66,10,32,128,3,0.5,10,21.773517608642578,33.164947509765625,0.39999985694885254,0.9842450618743896,0.014550544321537018,0.07901716977357864,0.07901700586080551,2.456134796142578,1.3680461645126343,22.0,dur_10_bs_32_lstm_hs_128_lstm_nl_3_dropout_0.5_only_vad,True
67,8,64,128,2,0.5,10,4.019083499908447,4.527523040771484,0.4200001358985901,0.9835387468338013,0.040204256772994995,0.22972242534160614,0.0817619040608406,0.09445774555206299,0.0535026453435421,31.0,dur_8_bs_64_lstm_hs_128_lstm_nl_2_dropout_0.5,False
68,10,32,128,2,0.3,10,23.9269962310791,20.5924129486084,0.4400002360343933,0.98480623960495,0.013954480178654194,0.07183714210987091,0.07183723151683807,1.5182770490646362,1.6847038269042969,22.0,dur_10_bs_32_lstm_hs_128_lstm_nl_2_dropout_0.3_only_vad,True
69,4,32,128,2,0.0,10,4.910656452178955,4.8160552978515625,0.45999962091445923,0.9790586829185486,0.04632586985826492,0.287649929523468,0.10795533657073975,0.09646758437156677,0.08322705328464508,23.0,dur_4_bs_32_lstm_hs_128_lstm_nl_2_dropout_0,False
70,6,128,128,3,0.0,10,20.164020538330078,29.721582412719727,0.4200001657009125,0.9823727607727051,0.017116375267505646,0.07414022088050842,0.07414019852876663,2.090118885040283,1.3913044929504395,34.0,dur_6_bs_128_lstm_hs_128_lstm_nl_3_dropout_0_only_vad,True
71,6,64,256,3,0.5,10,17.990747451782227,14.158330917358398,0.4400002658367157,0.9788622856140137,0.019815616309642792,0.09919329732656479,0.09919331222772598,0.6736397743225098,1.0354176759719849,4.0,dur_6_bs_64_lstm_hs_256_lstm_nl_3_dropout_0.5_only_vad,True
72,8,32,256,2,0.0,10,3.9716155529022217,4.635011672973633,0.360000342130661,0.9825889468193054,0.04050073400139809,0.22894376516342163,0.07967845350503922,0.0973680391907692,0.05189729481935501,15.0,dur_8_bs_32_lstm_hs_256_lstm_nl_2_dropout_0,False
73,8,128,256,2,0.5,10,3.9046921730041504,4.414365768432617,0.4400000274181366,0.9837458729743958,0.03927571326494217,0.21301251649856567,0.0780935287475586,0.08837021142244339,0.0465487502515316,28.0,dur_8_bs_128_lstm_hs_256_lstm_nl_2_dropout_0.5,False
74,8,64,128,3,0.5,10,3.8825480937957764,4.474654674530029,0.440000057220459,0.9838308095932007,0.039287831634283066,0.21300779283046722,0.08004475384950638,0.08488054573535919,0.04808260127902031,23.0,dur_8_bs_64_lstm_hs_128_lstm_nl_3_dropout_0.5,False
75,10,64,256,3,0.0,10,25.72222900390625,14.832357406616211,0.28000012040138245,0.9849212765693665,0.014307946898043156,0.06176702305674553,0.06176696717739105,0.9366726279258728,2.6347975730895996,31.0,dur_10_bs_64_lstm_hs_256_lstm_nl_3_dropout_0_only_vad,True
76,10,128,256,3,0.5,10,3.920652389526367,4.276657581329346,0.3200000524520874,0.984527587890625,0.03871509060263634,0.1781420260667801,0.0735630914568901,0.07278209179639816,0.03179682418704033,31.0,dur_10_bs_128_lstm_hs_256_lstm_nl_3_dropout_0.5,False
77,10,32,128,3,0.0,10,3.796379327774048,4.396298408508301,0.31999996304512024,0.9842692613601685,0.0383191853761673,0.17689864337444305,0.07430011034011841,0.06743387877941132,0.03516450896859169,31.0,dur_10_bs_32_lstm_hs_128_lstm_nl_3_dropout_0,False
78,8,128,128,2,0.5,10,17.470781326293945,13.260880470275879,0.4200000762939453,0.9843966364860535,0.015169295482337475,0.07336872816085815,0.0733688473701477,0.6225317716598511,0.978860080242157,29.0,dur_8_bs_128_lstm_hs_128_lstm_nl_2_dropout_0.5_only_vad,True
79,4,32,128,2,0.0,10,21.049470901489258,16.247344970703125,0.36000022292137146,0.9804667234420776,0.016978256404399872,0.10016694664955139,0.10016679763793945,0.8138517737388611,1.305069923400879,30.0,dur_4_bs_32_lstm_hs_128_lstm_nl_2_dropout_0_only_vad,True
80,8,64,128,2,0.3,10,27.010189056396484,17.761079788208008,0.45999979972839355,0.984473705291748,0.014772672206163406,0.07275456935167313,0.07275445014238358,1.5196025371551514,2.7725374698638916,34.0,dur_8_bs_64_lstm_hs_128_lstm_nl_2_dropout_0.3_only_vad,True
81,8,128,256,2,0.5,10,28.27348518371582,11.309568405151367,0.4400000274181366,0.9846577644348145,0.014911162666976452,0.07096646726131439,0.07096660137176514,0.603420078754425,3.0347464084625244,27.0,dur_8_bs_128_lstm_hs_256_lstm_nl_2_dropout_0.5_only_vad,True
82,4,128,128,2,0.5,10,20.992767333984375,34.79741668701172,0.42000019550323486,0.9802021384239197,0.018656369298696518,0.10449226200580597,0.10449240356683731,1.7137237787246704,1.6996312141418457,19.0,dur_4_bs_128_lstm_hs_128_lstm_nl_2_dropout_0.5_only_vad,True
83,4,64,128,3,0.5,10,17.691097259521484,18.65167236328125,0.4799998104572296,0.9798097610473633,0.01860366016626358,0.10686467587947845,0.10686485469341278,0.9382815957069397,0.9291606545448303,17.0,dur_4_bs_64_lstm_hs_128_lstm_nl_3_dropout_0.5_only_vad,True
84,6,32,128,2,0.0,10,18.84673309326172,14.268595695495605,0.400000661611557,0.9816233515739441,0.016443680971860886,0.08094984292984009,0.08094992488622665,1.0762819051742554,1.0802816152572632,29.0,dur_6_bs_32_lstm_hs_128_lstm_nl_2_dropout_0_only_vad,True
85,6,128,256,3,0.0,10,27.476930618286133,11.01132583618164,0.4600001573562622,0.98225337266922,0.017158428207039833,0.07736380398273468,0.07736373692750931,0.5147562026977539,1.8363231420516968,25.0,dur_6_bs_128_lstm_hs_256_lstm_nl_3_dropout_0_only_vad,True
86,10,64,128,3,0.5,10,26.521148681640625,12.20228099822998,0.4799998700618744,0.9851176142692566,0.014058436267077923,0.06989707797765732,0.06989701837301254,0.7919960618019104,2.6850032806396484,28.0,dur_10_bs_64_lstm_hs_128_lstm_nl_3_dropout_0.5_only_vad,True
87,8,64,128,3,0.3,10,3.9076480865478516,4.38692569732666,0.4999999701976776,0.9834235310554504,0.03922027722001076,0.2146277129650116,0.07843919098377228,0.09233536571264267,0.04385320097208023,28.0,dur_8_bs_64_lstm_hs_128_lstm_nl_3_dropout_0.3,False
88,8,128,256,2,0.0,10,30.36603546142578,19.82124137878418,0.4400000274181366,0.9844355583190918,0.014958526007831097,0.06933104991912842,0.069331094622612,1.50493586063385,2.547388792037964,32.0,dur_8_bs_128_lstm_hs_256_lstm_nl_2_dropout_0_only_vad,True
89,10,64,128,2,0.3,10,3.765472412109375,4.639885425567627,0.35999998450279236,0.9840958714485168,0.03926217555999756,0.20930874347686768,0.07843606173992157,0.08197125792503357,0.048901334404945374,31.0,dur_10_bs_64_lstm_hs_128_lstm_nl_2_dropout_0.3,False
90,8,32,128,3,0.5,10,4.0314741134643555,4.336235523223877,0.45999962091445923,0.9834722280502319,0.03945162147283554,0.21481677889823914,0.07975167036056519,0.08784261345863342,0.04722274839878082,29.0,dur_8_bs_32_lstm_hs_128_lstm_nl_3_dropout_0.5,False
91,10,32,128,3,0.5,10,3.828493356704712,4.435354232788086,0.47999972105026245,0.9844371676445007,0.03853733465075493,0.19313153624534607,0.07713163644075394,0.07238388806581497,0.04361603781580925,28.0,dur_10_bs_32_lstm_hs_128_lstm_nl_3_dropout_0.5,False
92,10,64,256,3,0.5,10,21.491731643676758,15.23712158203125,0.4799998700618744,0.9845297336578369,0.01456096488982439,0.07384239882230759,0.07384256273508072,1.2094080448150635,1.5413438081741333,24.0,dur_10_bs_64_lstm_hs_256_lstm_nl_3_dropout_0.5_only_vad,True
93,4,128,128,3,0.0,10,4.73089599609375,4.598676681518555,0.4400002658367157,0.9792986512184143,0.04524901881814003,0.2783356308937073,0.10239468514919281,0.09690072387456894,0.07903993129730225,32.0,dur_4_bs_128_lstm_hs_128_lstm_nl_3_dropout_0,False
94,8,128,256,3,0.5,10,4.105544567108154,4.750710964202881,0.4200000762939453,0.9835546612739563,0.04154897853732109,0.23814800381660461,0.08116002380847931,0.09880781173706055,0.05818012356758118,13.0,dur_8_bs_128_lstm_hs_256_lstm_nl_3_dropout_0.5,False
95,10,128,128,3,0.0,10,17.646625518798828,37.71065902709961,0.36000004410743713,0.9850033521652222,0.014604732394218445,0.06565579771995544,0.06565579771995544,3.207045555114746,0.9728128910064697,30.0,dur_10_bs_128_lstm_hs_128_lstm_nl_3_dropout_0_only_vad,True
96,10,128,256,2,0.3,10,26.67243766784668,16.39557456970215,0.3200000524520874,0.9853578805923462,0.014292728155851364,0.0644446387887001,0.06444458663463593,1.1324443817138672,2.760369062423706,31.0,dur_10_bs_128_lstm_hs_256_lstm_nl_2_dropout_0.3_only_vad,True
97,4,128,256,2,0.5,10,17.30837059020996,18.78488540649414,0.4599996507167816,0.9804129004478455,0.01876983791589737,0.102301225066185,0.10230126976966858,1.003491759300232,1.051514983177185,28.0,dur_4_bs_128_lstm_hs_256_lstm_nl_2_dropout_0.5_only_vad,True
98,10,128,256,3,0.0,10,3.897264003753662,4.347113609313965,0.4200000762939453,0.9839907884597778,0.03903036192059517,0.1488945037126541,0.0691998079419136,0.0575055330991745,0.022189121693372726,30.0,dur_10_bs_128_lstm_hs_256_lstm_nl_3_dropout_0,False
99,4,64,128,3,0.5,10,4.905068397521973,4.631628036499023,0.4799998104572296,0.9792104363441467,0.04592812433838844,0.31446319818496704,0.10776176303625107,0.11452270299196243,0.09217877686023712,28.0,dur_4_bs_64_lstm_hs_128_lstm_nl_3_dropout_0.5,False
100,10,128,128,2,0.5,10,4.106257915496826,4.450049877166748,0.3800000846385956,0.9839909076690674,0.040317390114068985,0.22489219903945923,0.0791441947221756,0.09519331902265549,0.050554707646369934,27.0,dur_10_bs_128_lstm_hs_128_lstm_nl_2_dropout_0.5,False
101,10,128,256,2,0.0,10,3.8370232582092285,4.409186363220215,0.36000004410743713,0.9838243126869202,0.039012931287288666,0.19584102928638458,0.07545742392539978,0.08169292658567429,0.03869074955582619,18.0,dur_10_bs_128_lstm_hs_256_lstm_nl_2_dropout_0,False
102,10,128,256,2,0.5,10,3.7745885848999023,4.258704662322998,0.44000014662742615,0.9842424988746643,0.03799152746796608,0.18465375900268555,0.0747232511639595,0.07668792456388474,0.03324254974722862,32.0,dur_10_bs_128_lstm_hs_256_lstm_nl_2_dropout_0.5,False
103,6,32,256,3,0.0,10,4.145530700683594,4.466139316558838,0.3400003910064697,0.9816548228263855,0.04090859740972519,0.20010149478912354,0.0793142318725586,0.08089210093021393,0.03989493474364281,28.0,dur_6_bs_32_lstm_hs_256_lstm_nl_3_dropout_0,False
104,4,128,256,3,0.5,10,4.734241485595703,4.607378005981445,0.4400002658367157,0.9804282188415527,0.044910430908203125,0.2672814428806305,0.10176092386245728,0.08803396672010422,0.07748670130968094,32.0,dur_4_bs_128_lstm_hs_256_lstm_nl_3_dropout_0.5,False
105,10,128,128,2,0.0,10,3.8576509952545166,4.342158794403076,0.44000014662742615,0.9837219715118408,0.03890090808272362,0.20402176678180695,0.07741930335760117,0.0845024362206459,0.04210012033581734,32.0,dur_10_bs_128_lstm_hs_128_lstm_nl_2_dropout_0,False
106,10,64,128,3,0.3,10,27.98343849182129,11.438209533691406,0.4200001657009125,0.9851178526878357,0.014283742755651474,0.07114221900701523,0.07114224880933762,0.5631675124168396,2.170954942703247,21.0,dur_10_bs_64_lstm_hs_128_lstm_nl_3_dropout_0.3_only_vad,True
107,10,64,256,2,0.5,10,19.300373077392578,11.580636978149414,0.3999999165534973,0.9851544499397278,0.014167021960020065,0.07099957019090652,0.07099965959787369,0.2513672411441803,0.9615046381950378,34.0,dur_10_bs_64_lstm_hs_256_lstm_nl_2_dropout_0.5_only_vad,True
108,8,32,128,2,0.5,10,25.676115036010742,15.787556648254395,0.43999987840652466,0.9846959710121155,0.01403376366943121,0.07386735826730728,0.07386743277311325,1.018331527709961,2.1239068508148193,29.0,dur_8_bs_32_lstm_hs_128_lstm_nl_2_dropout_0.5_only_vad,True
109,6,128,128,2,0.5,10,4.277188301086426,4.68161678314209,0.3800000846385956,0.980863094329834,0.042907703667879105,0.2514668107032776,0.08699247241020203,0.1010037288069725,0.06347054988145828,30.0,dur_6_bs_128_lstm_hs_128_lstm_nl_2_dropout_0.5,False
110,4,32,256,2,0.5,10,5.38820219039917,5.4019646644592285,0.45999962091445923,0.977367639541626,0.05118854343891144,0.36866575479507446,0.12056786566972733,0.13163362443447113,0.1164647564291954,4.0,dur_4_bs_32_lstm_hs_256_lstm_nl_2_dropout_0.5,False
111,10,64,256,2,0.0,10,24.602272033691406,17.22419548034668,0.3999999165534973,0.9850014448165894,0.014331497251987457,0.06585772335529327,0.06585773825645447,0.8845354318618774,1.624189019203186,31.0,dur_10_bs_64_lstm_hs_256_lstm_nl_2_dropout_0_only_vad,True
112,6,32,128,3,0.3,10,21.398698806762695,22.746583938598633,0.45999962091445923,0.9813728332519531,0.016498049721121788,0.08469729870557785,0.08469728380441666,1.655114769935608,1.3365026712417603,22.0,dur_6_bs_32_lstm_hs_128_lstm_nl_3_dropout_0.3_only_vad,True
113,4,32,256,3,0.5,10,4.920219421386719,4.639977931976318,0.379999577999115,0.9794290661811829,0.045636992901563644,0.29605892300605774,0.1062493547797203,0.11181917786598206,0.07799089699983597,21.0,dur_4_bs_32_lstm_hs_256_lstm_nl_3_dropout_0.5,False
114,4,128,256,3,0.0,10,18.27106285095215,20.787443161010742,0.39999985694885254,0.9801203012466431,0.018780671060085297,0.10029277205467224,0.10029290616512299,0.9417198896408081,1.375102162361145,26.0,dur_4_bs_128_lstm_hs_256_lstm_nl_3_dropout_0_only_vad,True
115,6,32,128,3,0.5,10,4.167047023773193,4.457237243652344,0.400000661611557,0.9817584156990051,0.04095175117254257,0.23828613758087158,0.0849393978714943,0.09834127128124237,0.05500583350658417,28.0,dur_6_bs_32_lstm_hs_128_lstm_nl_3_dropout_0.5,False
116,10,32,128,2,0.5,10,19.503849029541016,15.996953010559082,0.42000019550323486,0.9847823977470398,0.013752938248217106,0.07310166209936142,0.07310186326503754,0.5051978826522827,1.1524267196655273,23.0,dur_10_bs_32_lstm_hs_128_lstm_nl_2_dropout_0.5_only_vad,True
117,4,64,256,3,0.0,10,4.8499755859375,4.485769748687744,0.3800002932548523,0.9792733192443848,0.045228540897369385,0.2980286180973053,0.10381726175546646,0.10845807939767838,0.0857534259557724,18.0,dur_4_bs_64_lstm_hs_256_lstm_nl_3_dropout_0,False
118,8,32,128,3,0.5,10,25.414339065551758,18.61087417602539,0.43999987840652466,0.9839197397232056,0.014555912464857101,0.08129625022411346,0.08129636943340302,1.5283864736557007,2.441138982772827,17.0,dur_8_bs_32_lstm_hs_128_lstm_nl_3_dropout_0.5_only_vad,True
119,8,32,256,2,0.5,10,4.048773288726807,4.725180149078369,0.47999972105026245,0.9828528165817261,0.04108848050236702,0.2546203136444092,0.08395544439554214,0.10715971887111664,0.0635051280260086,30.0,dur_8_bs_32_lstm_hs_256_lstm_nl_2_dropout_0.5,False
120,6,128,128,3,0.0,10,4.091009616851807,4.5169572830200195,0.35999995470046997,0.9809771776199341,0.041454486548900604,0.22135093808174133,0.08221546560525894,0.08916742354631424,0.049968112260103226,29.0,dur_6_bs_128_lstm_hs_128_lstm_nl_3_dropout_0,False
121,8,64,256,3,0.3,10,26.01392364501953,12.60273551940918,0.440000057220459,0.983813464641571,0.015216653235256672,0.07964131236076355,0.0796411857008934,0.36204269528388977,2.408838987350464,19.0,dur_8_bs_64_lstm_hs_256_lstm_nl_3_dropout_0.3_only_vad,True
122,4,128,128,2,0.0,10,4.833550453186035,4.502102851867676,0.4400002658367157,0.9792881608009338,0.04546769708395004,0.2973330318927765,0.1050855740904808,0.10281277447938919,0.08943451195955276,34.0,dur_4_bs_128_lstm_hs_128_lstm_nl_2_dropout_0,False
123,6,32,256,3,0.3,10,21.751792907714844,32.45222473144531,0.45999962091445923,0.9781132340431213,0.019759252667427063,0.10605797171592712,0.10605824738740921,1.8586349487304688,1.4528090953826904,3.0,dur_6_bs_32_lstm_hs_256_lstm_nl_3_dropout_0.3_only_vad,True
124,6,64,128,2,0.3,10,18.654346466064453,19.42954444885254,0.4599996507167816,0.9820176362991333,0.016462046653032303,0.07850826531648636,0.078508161008358,0.8907846212387085,1.111906886100769,32.0,dur_6_bs_64_lstm_hs_128_lstm_nl_2_dropout_0.3_only_vad,True
125,10,32,128,3,0.3,10,3.90498423576355,4.344559192657471,0.3400002121925354,0.9847345948219299,0.03850797936320305,0.19238577783107758,0.07570593059062958,0.07699745893478394,0.03968245908617973,31.0,dur_10_bs_32_lstm_hs_128_lstm_nl_3_dropout_0.3,False
126,10,128,128,2,0.5,10,23.203950881958008,22.953210830688477,0.3800000846385956,0.9852157831192017,0.014366205781698227,0.07012785971164703,0.0701279267668724,1.918196678161621,1.5748215913772583,26.0,dur_10_bs_128_lstm_hs_128_lstm_nl_2_dropout_0.5_only_vad,True
127,6,128,128,2,0.3,10,23.2938175201416,13.515995979309082,0.4600001573562622,0.9822047352790833,0.017173705622553825,0.07789012789726257,0.07789014279842377,0.6436728239059448,1.6187258958816528,28.0,dur_6_bs_128_lstm_hs_128_lstm_nl_2_dropout_0.3_only_vad,True
128,6,128,256,3,0.3,10,4.148128509521484,4.393296718597412,0.43999990820884705,0.9816514849662781,0.04111265018582344,0.2174820750951767,0.08158431202173233,0.08994647115468979,0.04595119133591652,23.0,dur_6_bs_128_lstm_hs_256_lstm_nl_3_dropout_0.3,False
129,6,128,128,2,0.3,10,4.206852912902832,4.686009883880615,0.3800000846385956,0.9812738299369812,0.042568057775497437,0.25929465889930725,0.08695477992296219,0.10719763487577438,0.06514234095811844,23.0,dur_6_bs_128_lstm_hs_128_lstm_nl_2_dropout_0.3,False
130,10,32,256,2,0.0,10,3.8769805431365967,4.547415256500244,0.39999985694885254,0.9839141964912415,0.03940185531973839,0.1819784939289093,0.07528132945299149,0.06907916814088821,0.037617988884449005,23.0,dur_10_bs_32_lstm_hs_256_lstm_nl_2_dropout_0,False
131,10,128,128,3,0.3,10,19.325864791870117,11.634713172912598,0.4200000762939453,0.9850825071334839,0.014515073038637638,0.06891990453004837,0.068919837474823,0.6106694340705872,1.2031599283218384,26.0,dur_10_bs_128_lstm_hs_128_lstm_nl_3_dropout_0.3_only_vad,True
132,10,32,256,3,0.0,10,3.985389471054077,4.389220237731934,0.3600001633167267,0.9842286705970764,0.03924628719687462,0.19346430897712708,0.07620846480131149,0.07322230190038681,0.04403343424201012,19.0,dur_10_bs_32_lstm_hs_256_lstm_nl_3_dropout_0,False
133,4,64,128,3,0.3,10,18.844905853271484,16.30750274658203,0.3800002932548523,0.9803676605224609,0.018049495294690132,0.10104288905858994,0.10104266554117203,0.7095595598220825,1.3161845207214355,34.0,dur_4_bs_64_lstm_hs_128_lstm_nl_3_dropout_0.3_only_vad,True
134,10,32,256,3,0.3,10,24.893877029418945,20.820825576782227,0.3799998164176941,0.9835528135299683,0.01517827995121479,0.08270840346813202,0.08270823210477829,1.3684229850769043,2.0578978061676025,5.0,dur_10_bs_32_lstm_hs_256_lstm_nl_3_dropout_0.3_only_vad,True
135,4,64,128,3,0.3,10,4.740323066711426,4.608506679534912,0.400000661611557,0.9804648160934448,0.044675182551145554,0.2819240391254425,0.10386784374713898,0.09832378476858139,0.07973170280456543,32.0,dur_4_bs_64_lstm_hs_128_lstm_nl_3_dropout_0.3,False
136,8,128,128,3,0.5,10,3.986337661743164,4.465452194213867,0.47999995946884155,0.9836221933364868,0.039911866188049316,0.2299741953611374,0.08061958849430084,0.08829183131456375,0.06106274574995041,25.0,dur_8_bs_128_lstm_hs_128_lstm_nl_3_dropout_0.5,False
137,8,64,256,3,0.3,10,3.814009666442871,4.335479736328125,0.4799997806549072,0.9837678670883179,0.03846316412091255,0.20229437947273254,0.07625041902065277,0.08728917688131332,0.038754820823669434,25.0,dur_8_bs_64_lstm_hs_256_lstm_nl_3_dropout_0.3,False
138,4,64,128,3,0.0,10,19.848051071166992,13.636951446533203,0.4199993312358856,0.9800950884819031,0.018166400492191315,0.10135039687156677,0.10135038197040558,0.2663794457912445,1.2640539407730103,23.0,dur_4_bs_64_lstm_hs_128_lstm_nl_3_dropout_0_only_vad,True
139,10,64,128,2,0.5,10,23.68358039855957,15.639683723449707,0.3400002121925354,0.9849901795387268,0.014130976982414722,0.06965023279190063,0.06965022534132004,0.9106041193008423,1.8957712650299072,31.0,dur_10_bs_64_lstm_hs_128_lstm_nl_2_dropout_0.5_only_vad,True
140,4,64,256,3,0.5,10,19.87355613708496,9.855156898498535,0.4399995505809784,0.9770408868789673,0.021038241684436798,0.12213059514760971,0.1221306100487709,0.46423575282096863,1.6026556491851807,4.0,dur_4_bs_64_lstm_hs_256_lstm_nl_3_dropout_0.5_only_vad,True
141,8,128,256,2,0.0,10,3.947148084640503,4.36085844039917,0.46000009775161743,0.9834590554237366,0.03947555273771286,0.1897837519645691,0.07564520090818405,0.0775844007730484,0.036554258316755295,28.0,dur_8_bs_128_lstm_hs_256_lstm_nl_2_dropout_0,False
142,10,128,256,2,0.0,10,29.861536026000977,37.198158264160156,0.44000014662742615,0.985228955745697,0.014494119212031364,0.06639067083597183,0.06639065593481064,1.7935264110565186,3.0759990215301514,25.0,dur_10_bs_128_lstm_hs_256_lstm_nl_2_dropout_0_only_vad,True
143,4,32,128,3,0.3,10,20.643831253051758,25.289203643798828,0.4000009000301361,0.9775994420051575,0.01923822984099388,0.12044484168291092,0.12044503539800644,1.4261287450790405,1.2019014358520508,5.0,dur_4_bs_32_lstm_hs_128_lstm_nl_3_dropout_0.3_only_vad,True
144,8,32,256,2,0.5,10,22.087709426879883,20.91358757019043,0.43999987840652466,0.9834900498390198,0.01508867647498846,0.08132260292768478,0.08132269233465195,1.1317682266235352,1.9565635919570923,17.0,dur_8_bs_32_lstm_hs_256_lstm_nl_2_dropout_0.5_only_vad,True
145,6,32,128,3,0.3,10,4.094398021697998,4.42277717590332,0.439999520778656,0.9810461401939392,0.040687836706638336,0.2508130371570587,0.08548811078071594,0.10881859809160233,0.0565064363181591,23.0,dur_6_bs_32_lstm_hs_128_lstm_nl_3_dropout_0.3,False
146,4,32,256,3,0.5,10,20.745912551879883,15.633395195007324,0.45999962091445923,0.974414587020874,0.022854512557387352,0.13382083177566528,0.133821040391922,0.7036712169647217,1.3943605422973633,1.0,dur_4_bs_32_lstm_hs_256_lstm_nl_3_dropout_0.5_only_vad,True
147,8,64,256,2,0.5,10,29.646404266357422,38.39030075073242,0.4799997806549072,0.9845735430717468,0.014425596222281456,0.07220272719860077,0.0722026526927948,3.61234712600708,2.49749755859375,32.0,dur_8_bs_64_lstm_hs_256_lstm_nl_2_dropout_0.5_only_vad,True
148,4,32,128,3,0.5,10,5.088449478149414,5.161449909210205,0.48000138998031616,0.9786778688430786,0.048565104603767395,0.3163725733757019,0.11565253883600235,0.10054434090852737,0.10017528384923935,7.0,dur_4_bs_32_lstm_hs_128_lstm_nl_3_dropout_0.5,False
149,6,32,128,2,0.5,10,4.583934307098389,4.9711174964904785,0.4199993312358856,0.9799147248268127,0.04527611285448074,0.28218787908554077,0.09275646507740021,0.11357054114341736,0.07586076855659485,11.0,dur_6_bs_32_lstm_hs_128_lstm_nl_2_dropout_0.5,False
150,8,128,128,3,0.0,10,3.889911413192749,4.454137802124023,0.47999995946884155,0.9835196137428284,0.03948482498526573,0.20038549602031708,0.07788915187120438,0.07833835482597351,0.044157974421978,26.0,dur_8_bs_128_lstm_hs_128_lstm_nl_3_dropout_0,False
151,6,64,256,3,0.5,10,4.043603420257568,4.383725166320801,0.540000319480896,0.9818977117538452,0.04032948985695839,0.2184654027223587,0.08212792873382568,0.09023245424032211,0.046104997396469116,32.0,dur_6_bs_64_lstm_hs_256_lstm_nl_3_dropout_0.5,False
152,8,32,256,3,0.0,10,18.094575881958008,11.938748359680176,0.360000342130661,0.9824322462081909,0.01592393033206463,0.08703085780143738,0.08703093230724335,0.6639648079872131,0.8198441863059998,6.0,dur_8_bs_32_lstm_hs_256_lstm_nl_3_dropout_0_only_vad,True
153,8,32,128,2,0.0,10,4.012589931488037,4.439240455627441,0.43999987840652466,0.9832727313041687,0.03974682837724686,0.22222936153411865,0.07939915359020233,0.09539853036403656,0.04743150621652603,29.0,dur_8_bs_32_lstm_hs_128_lstm_nl_2_dropout_0,False
154,8,64,256,3,0.0,10,21.482643127441406,18.180889129638672,0.4200001358985901,0.984495222568512,0.01457490585744381,0.07193398475646973,0.07193392515182495,0.992443859577179,1.142853021621704,30.0,dur_8_bs_64_lstm_hs_256_lstm_nl_3_dropout_0_only_vad,True
155,4,128,128,2,0.3,10,23.109968185424805,20.531307220458984,0.4400002658367157,0.9804596900939941,0.018490659072995186,0.09919588267803192,0.09919599443674088,1.247065544128418,1.2757850885391235,34.0,dur_4_bs_128_lstm_hs_128_lstm_nl_2_dropout_0.3_only_vad,True
156,8,64,256,3,0.0,10,3.9397528171539307,4.359706878662109,0.4200001358985901,0.9834847450256348,0.03922325000166893,0.17803993821144104,0.073835588991642,0.06946156919002533,0.03474285453557968,30.0,dur_8_bs_64_lstm_hs_256_lstm_nl_3_dropout_0,False
157,8,64,256,2,0.3,10,4.022617340087891,4.379129886627197,0.45999979972839355,0.9837024211883545,0.0396394245326519,0.19720309972763062,0.07692858576774597,0.08041946589946747,0.03985496610403061,27.0,dur_8_bs_64_lstm_hs_256_lstm_nl_2_dropout_0.3,False
158,10,32,256,3,0.5,10,3.7700209617614746,4.420224666595459,0.3799998164176941,0.984097421169281,0.038378093391656876,0.21268953382968903,0.07779397070407867,0.0877993255853653,0.047096483409404755,17.0,dur_10_bs_32_lstm_hs_256_lstm_nl_3_dropout_0.5,False
159,8,128,128,2,0.0,10,21.31083106994629,18.93701171875,0.47999995946884155,0.984335720539093,0.015226241201162338,0.07115276157855988,0.07115284353494644,1.4310641288757324,1.559798002243042,32.0,dur_8_bs_128_lstm_hs_128_lstm_nl_2_dropout_0_only_vad,True
160,4,128,256,3,0.0,10,4.699899673461914,4.613792419433594,0.3799998164176941,0.9800096750259399,0.044939056038856506,0.26874351501464844,0.1020808294415474,0.08658428490161896,0.08007867634296417,32.0,dur_4_bs_128_lstm_hs_256_lstm_nl_3_dropout_0,False
161,10,64,256,3,0.5,10,3.7510030269622803,4.2823052406311035,0.35999998450279236,0.9844560623168945,0.037799835205078125,0.17966297268867493,0.07359784841537476,0.0742139145731926,0.03185124695301056,33.0,dur_10_bs_64_lstm_hs_256_lstm_nl_3_dropout_0.5,False
162,4,64,256,2,0.5,10,19.31525230407715,13.109870910644531,0.45999959111213684,0.9791306853294373,0.018970949575304985,0.10837285220623016,0.10837280005216599,0.5130431056022644,1.2823541164398193,13.0,dur_4_bs_64_lstm_hs_256_lstm_nl_2_dropout_0.5_only_vad,True
163,4,32,256,3,0.0,10,19.49279022216797,13.801360130310059,0.4400006830692291,0.974826991558075,0.022251415997743607,0.12881995737552643,0.12882012128829956,0.9737375378608704,0.9694536328315735,2.0,dur_4_bs_32_lstm_hs_256_lstm_nl_3_dropout_0_only_vad,True
164,4,32,128,2,0.3,10,24.91510581970215,20.261384963989258,0.48000138998031616,0.9774821400642395,0.020025279372930527,0.12175562232732773,0.12175526469945908,0.9708806276321411,1.5498688220977783,6.0,dur_4_bs_32_lstm_hs_128_lstm_nl_2_dropout_0.3_only_vad,True
165,10,128,128,3,0.3,10,3.8463797569274902,4.386239051818848,0.4200000762939453,0.9842696785926819,0.038813646882772446,0.2069239467382431,0.07682221382856369,0.08637078106403351,0.04373098164796829,24.0,dur_10_bs_128_lstm_hs_128_lstm_nl_3_dropout_0.3,False
166,8,64,256,2,0.0,10,25.779802322387695,13.760560035705566,0.4200001358985901,0.9845631718635559,0.014388025738298893,0.0716082826256752,0.07160814851522446,0.641899824142456,1.512847661972046,22.0,dur_8_bs_64_lstm_hs_256_lstm_nl_2_dropout_0_only_vad,True
167,6,64,256,2,0.5,10,4.161463737487793,4.682719707489014,0.39999982714653015,0.9807658195495605,0.04230649024248123,0.2722834050655365,0.09029950946569443,0.10526733100414276,0.076716348528862,23.0,dur_6_bs_64_lstm_hs_256_lstm_nl_2_dropout_0.5,False
168,8,64,256,2,0.5,10,4.012111663818359,4.45403528213501,0.440000057220459,0.9835083484649658,0.03997355327010155,0.2351735681295395,0.08017267286777496,0.10255206376314163,0.05244890972971916,31.0,dur_8_bs_64_lstm_hs_256_lstm_nl_2_dropout_0.5,False
169,4,64,256,2,0.3,10,18.008758544921875,18.651111602783203,0.400000661611557,0.9796916842460632,0.018704142421483994,0.1053018867969513,0.10530169308185577,1.2746251821517944,1.0825297832489014,18.0,dur_4_bs_64_lstm_hs_256_lstm_nl_2_dropout_0.3_only_vad,True
170,6,32,128,2,0.0,10,4.159754753112793,4.808358192443848,0.520000159740448,0.9803928136825562,0.04253349453210831,0.26030316948890686,0.08774763345718384,0.1079883798956871,0.06456723809242249,32.0,dur_6_bs_32_lstm_hs_128_lstm_nl_2_dropout_0,False
171,10,128,128,3,0.0,10,3.8384103775024414,4.269535541534424,0.3800000846385956,0.9838864803314209,0.03848706930875778,0.20009922981262207,0.07594382762908936,0.08549457043409348,0.0386606864631176,27.0,dur_10_bs_128_lstm_hs_128_lstm_nl_3_dropout_0,False
172,6,64,128,3,0.5,10,4.08565616607666,4.668226718902588,0.4200001657009125,0.9814485311508179,0.041663188487291336,0.2263852059841156,0.08482793718576431,0.08644430339336395,0.05511312931776047,32.0,dur_6_bs_64_lstm_hs_128_lstm_nl_3_dropout_0.5,False
173,10,128,256,2,0.3,10,3.779134750366211,4.371110439300537,0.3800000846385956,0.9840441346168518,0.038515854626894,0.19240310788154602,0.0753289982676506,0.07852424681186676,0.03854989632964134,31.0,dur_10_bs_128_lstm_hs_256_lstm_nl_2_dropout_0.3,False
174,6,128,128,3,0.5,10,4.067656517028809,4.602811813354492,0.4799998700618744,0.981601893901825,0.041464969515800476,0.23728665709495544,0.0847921073436737,0.09668009728193283,0.055814459919929504,32.0,dur_6_bs_128_lstm_hs_128_lstm_nl_3_dropout_0.5,False
175,6,128,256,3,0.5,10,17.20022201538086,17.60582160949707,0.3999998867511749,0.9817643165588379,0.01755904033780098,0.08104363828897476,0.08104356378316879,0.9253808856010437,1.081040859222412,22.0,dur_6_bs_128_lstm_hs_256_lstm_nl_3_dropout_0.5_only_vad,True
176,6,64,128,2,0.5,10,25.75104331970215,14.442740440368652,0.49999988079071045,0.9815047383308411,0.01735987514257431,0.08369205892086029,0.08369225263595581,0.7721492052078247,2.3292603492736816,17.0,dur_6_bs_64_lstm_hs_128_lstm_nl_2_dropout_0.5_only_vad,True
177,10,32,256,2,0.3,10,3.7606749534606934,4.506298065185547,0.4599996507167816,0.9838897585868835,0.03869830444455147,0.17693422734737396,0.07493908703327179,0.06696158647537231,0.03503362834453583,30.0,dur_10_bs_32_lstm_hs_256_lstm_nl_2_dropout_0.3,False
178,8,32,128,3,0.3,10,25.901029586791992,11.146195411682129,0.45999962091445923,0.9841094613075256,0.014472627080976963,0.0789542943239212,0.07895436882972717,0.4919794201850891,1.9737306833267212,26.0,dur_8_bs_32_lstm_hs_128_lstm_nl_3_dropout_0.3_only_vad,True
179,10,32,128,2,0.3,10,3.899707794189453,4.772256851196289,0.3799998164176941,0.9837912917137146,0.04027054086327553,0.23778554797172546,0.08200050890445709,0.09354498982429504,0.06224006786942482,22.0,dur_10_bs_32_lstm_hs_128_lstm_nl_2_dropout_0.3,False
180,8,128,256,3,0.0,10,19.06415557861328,12.144606590270996,0.46000009775161743,0.9844704866409302,0.015064391307532787,0.07093846797943115,0.07093837857246399,0.5786138772964478,1.344711422920227,25.0,dur_8_bs_128_lstm_hs_256_lstm_nl_3_dropout_0_only_vad,True
181,4,128,128,3,0.5,10,21.17686653137207,13.658370971679688,0.42000019550323486,0.9802404642105103,0.018673967570066452,0.10129132121801376,0.10129127651453018,0.47886398434638977,1.4959362745285034,31.0,dur_4_bs_128_lstm_hs_128_lstm_nl_3_dropout_0.5_only_vad,True
182,4,128,256,2,0.0,10,18.518024444580078,44.85599899291992,0.3799998164176941,0.9804389476776123,0.018613329157233238,0.096001036465168,0.09600088745355606,2.75454044342041,1.3235706090927124,26.0,dur_4_bs_128_lstm_hs_256_lstm_nl_2_dropout_0_only_vad,True
183,4,64,256,2,0.0,10,20.518434524536133,17.547466278076172,0.400000661611557,0.9802451729774475,0.017997516319155693,0.10169895738363266,0.10169900208711624,1.1240440607070923,1.2867289781570435,19.0,dur_4_bs_64_lstm_hs_256_lstm_nl_2_dropout_0_only_vad,True
184,4,32,256,2,0.0,10,5.138225555419922,4.914685249328613,0.45999962091445923,0.9781608581542969,0.04800817742943764,0.3032156527042389,0.11042014509439468,0.10435013473033905,0.0884452760219574,11.0,dur_4_bs_32_lstm_hs_256_lstm_nl_2_dropout_0,False
185,6,128,128,2,0.5,10,26.939348220825195,22.201494216918945,0.43999990820884705,0.982060968875885,0.017228808254003525,0.07825905084609985,0.07825911045074463,1.1458393335342407,2.8699991703033447,34.0,dur_6_bs_128_lstm_hs_128_lstm_nl_2_dropout_0.5_only_vad,True
186,10,64,128,3,0.3,10,3.770756483078003,4.468281269073486,0.30000022053718567,0.9842374324798584,0.03861823305487633,0.19618825614452362,0.07611388713121414,0.08088260889053345,0.0391918420791626,31.0,dur_10_bs_64_lstm_hs_128_lstm_nl_3_dropout_0.3,False
187,8,64,128,3,0.0,10,3.9735236167907715,4.356259822845459,0.440000057220459,0.9837862849235535,0.03930874541401863,0.19636504352092743,0.07682934403419495,0.08237449079751968,0.03716138005256653,28.0,dur_8_bs_64_lstm_hs_128_lstm_nl_3_dropout_0,False
188,10,64,128,2,0.0,10,3.8053297996520996,4.465383052825928,0.3200000524520874,0.9839621186256409,0.03885895758867264,0.1936832219362259,0.07675240933895111,0.07588393986225128,0.04104674980044365,31.0,dur_10_bs_64_lstm_hs_128_lstm_nl_2_dropout_0,False
189,6,32,256,2,0.3,10,18.111703872680664,17.581619262695312,0.45999962091445923,0.9797883033752441,0.018062366172671318,0.09306197613477707,0.09306186437606812,1.060833215713501,0.804383397102356,6.0,dur_6_bs_32_lstm_hs_256_lstm_nl_2_dropout_0.3_only_vad,True
190,6,128,256,3,0.3,10,21.248136520385742,24.889665603637695,0.43999990820884705,0.9821636080741882,0.017029833048582077,0.07831684499979019,0.07831685990095139,1.2681124210357666,1.3775156736373901,33.0,dur_6_bs_128_lstm_hs_256_lstm_nl_3_dropout_0.3_only_vad,True
191,10,128,128,2,0.3,10,3.8767073154449463,4.406896591186523,0.4600001275539398,0.9838948845863342,0.03915143013000488,0.2080715000629425,0.0778772234916687,0.08452630788087845,0.04566808044910431,31.0,dur_10_bs_128_lstm_hs_128_lstm_nl_2_dropout_0.3,False
192,6,64,256,2,0.3,10,4.098727703094482,4.527889728546143,0.49999988079071045,0.9813685417175293,0.04121105745434761,0.2430691123008728,0.08522944897413254,0.09817209094762802,0.05966760590672493,32.0,dur_6_bs_64_lstm_hs_256_lstm_nl_2_dropout_0.3,False
193,8,32,256,2,0.3,10,3.9203004837036133,4.380481719970703,0.4000002145767212,0.9836122989654541,0.03909645229578018,0.21196214854717255,0.07770650088787079,0.0915290042757988,0.04272656515240669,29.0,dur_8_bs_32_lstm_hs_256_lstm_nl_2_dropout_0.3,False
194,4,64,128,2,0.5,10,4.9383087158203125,4.746219158172607,0.4199993312358856,0.9786498546600342,0.04676191881299019,0.3473007380962372,0.11169376224279404,0.13152168691158295,0.10408563911914825,32.0,dur_4_bs_64_lstm_hs_128_lstm_nl_2_dropout_0.5,False
195,6,64,256,3,0.3,10,22.49441146850586,26.080669403076172,0.4400002658367157,0.9807912111282349,0.017962371930480003,0.0879555344581604,0.08795533329248428,2.24664044380188,1.630637764930725,15.0,dur_6_bs_64_lstm_hs_256_lstm_nl_3_dropout_0.3_only_vad,True
196,4,32,128,2,0.5,10,5.421831130981445,5.2799296379089355,0.45999962091445923,0.9778491854667664,0.050837185233831406,0.3481941521167755,0.1197156235575676,0.11692798882722855,0.11155062913894653,10.0,dur_4_bs_32_lstm_hs_128_lstm_nl_2_dropout_0.5,False
197,6,128,128,3,0.5,10,17.693870544433594,15.367753028869629,0.4799998700618744,0.9820955991744995,0.017116384580731392,0.0794111043214798,0.07941126823425293,0.7003462314605713,1.0087982416152954,33.0,dur_6_bs_128_lstm_hs_128_lstm_nl_3_dropout_0.5_only_vad,True
198,4,64,256,3,0.3,10,23.075801849365234,14.094422340393066,0.5200002193450928,0.97732013463974,0.021013151854276657,0.12023640424013138,0.12023623287677765,0.6250849962234497,2.145294427871704,10.0,dur_4_bs_64_lstm_hs_256_lstm_nl_3_dropout_0.3_only_vad,True
199,6,32,256,2,0.5,10,4.517975807189941,5.0727691650390625,0.439999520778656,0.980250358581543,0.045210860669612885,0.2905297577381134,0.09304209798574448,0.11978873610496521,0.07769864797592163,27.0,dur_6_bs_32_lstm_hs_256_lstm_nl_2_dropout_0.5,False
200,6,128,256,3,0.5,10,4.127081871032715,4.468555450439453,0.4799998700618744,0.9814975261688232,0.041264817118644714,0.20513466000556946,0.0810854360461235,0.08133698999881744,0.04271199554204941,32.0,dur_6_bs_128_lstm_hs_256_lstm_nl_3_dropout_0.5,False
201,4,64,128,2,0.0,10,22.672351837158203,17.273725509643555,0.4199993312358856,0.9800897836685181,0.018198134377598763,0.10192321240901947,0.10192304104566574,0.7918412685394287,1.9395614862442017,22.0,dur_4_bs_64_lstm_hs_128_lstm_nl_2_dropout_0_only_vad,True
202,8,32,128,3,0.3,10,3.7942264080047607,4.391429424285889,0.4000002145767212,0.9835720062255859,0.03847099468111992,0.21874527633190155,0.07857619971036911,0.09453115612268448,0.04563748091459274,29.0,dur_8_bs_32_lstm_hs_128_lstm_nl_3_dropout_0.3,False
203,8,128,128,3,0.3,10,23.16693687438965,20.522565841674805,0.3800000846385956,0.9844544529914856,0.015054803341627121,0.06953167170286179,0.06953173875808716,1.353617787361145,1.5936295986175537,34.0,dur_8_bs_128_lstm_hs_128_lstm_nl_3_dropout_0.3_only_vad,True
204,8,64,128,3,0.0,10,20.69292640686035,11.045683860778809,0.45999979972839355,0.9845761656761169,0.014531735330820084,0.06900710612535477,0.06900723278522491,0.7525730729103088,1.5426102876663208,34.0,dur_8_bs_64_lstm_hs_128_lstm_nl_3_dropout_0_only_vad,True
205,4,32,256,2,0.0,10,19.60777473449707,33.683284759521484,0.379999577999115,0.9774145483970642,0.019805513322353363,0.121291384100914,0.12129147350788116,2.595949172973633,1.0689176321029663,9.0,dur_4_bs_32_lstm_hs_256_lstm_nl_2_dropout_0_only_vad,True
206,10,64,256,3,0.3,10,23.111406326293945,9.97876262664795,0.4799998700618744,0.9837843179702759,0.015399652533233166,0.08107379823923111,0.08107386529445648,0.4229998290538788,1.5578960180282593,19.0,dur_10_bs_64_lstm_hs_256_lstm_nl_3_dropout_0.3_only_vad,True
207,4,128,128,3,0.5,10,4.846186637878418,4.5858001708984375,0.3600001931190491,0.979436457157135,0.045651789754629135,0.30910348892211914,0.10701479762792587,0.10899003595113754,0.09309887886047363,26.0,dur_4_bs_128_lstm_hs_128_lstm_nl_3_dropout_0.5,False
208,8,64,128,2,0.3,10,3.96718692779541,4.507144451141357,0.4799997806549072,0.9833008646965027,0.04000682756304741,0.21815593540668488,0.07969176024198532,0.08960188925266266,0.048862434923648834,26.0,dur_8_bs_64_lstm_hs_128_lstm_nl_2_dropout_0.3,False
209,4,128,256,3,0.3,10,18.193105697631836,18.428176879882812,0.4400002658367157,0.9802703857421875,0.018906239420175552,0.10319851338863373,0.10319840162992477,0.447625994682312,1.1979153156280518,28.0,dur_4_bs_128_lstm_hs_256_lstm_nl_3_dropout_0.3_only_vad,True
210,8,64,128,2,0.5,10,23.52558708190918,12.869887351989746,0.4999999701976776,0.9845308065414429,0.01469628605991602,0.07294432073831558,0.07294435054063797,0.6528451442718506,1.6879923343658447,32.0,dur_8_bs_64_lstm_hs_128_lstm_nl_2_dropout_0.5_only_vad,True
211,8,32,128,3,0.0,10,21.721572875976562,21.027389526367188,0.37999993562698364,0.9839625358581543,0.014489897526800632,0.07688719779253006,0.07688724994659424,1.520279884338379,1.2337524890899658,23.0,dur_8_bs_32_lstm_hs_128_lstm_nl_3_dropout_0_only_vad,True
212,10,32,128,2,0.5,10,4.056443214416504,4.7211761474609375,0.42000019550323486,0.9835506081581116,0.040979258716106415,0.2381601184606552,0.08178188651800156,0.09758579730987549,0.058792296797037125,13.0,dur_10_bs_32_lstm_hs_128_lstm_nl_2_dropout_0.5,False
213,4,64,256,3,0.5,10,4.842411518096924,4.508448123931885,0.4199993312358856,0.979915201663971,0.045064158737659454,0.2907229959964752,0.10422300547361374,0.10215584933757782,0.08434438705444336,25.0,dur_4_bs_64_lstm_hs_256_lstm_nl_3_dropout_0.5,False
214,8,32,256,3,0.5,10,25.67858123779297,35.688899993896484,0.45999962091445923,0.9805018901824951,0.017792249098420143,0.09978009015321732,0.0997803583741188,2.315683364868164,1.7542154788970947,4.0,dur_8_bs_32_lstm_hs_256_lstm_nl_3_dropout_0.5_only_vad,True
215,6,32,256,3,0.0,10,16.5189151763916,24.81844711303711,0.439999520778656,0.9787052273750305,0.01918885111808777,0.09647289663553238,0.09647292643785477,1.4723905324935913,0.782252848148346,6.0,dur_6_bs_32_lstm_hs_256_lstm_nl_3_dropout_0_only_vad,True
216,6,64,128,3,0.0,10,19.50983238220215,14.994671821594238,0.39999982714653015,0.9823795557022095,0.016591250896453857,0.07656369358301163,0.07656366378068924,0.49568089842796326,1.4333220720291138,31.0,dur_6_bs_64_lstm_hs_128_lstm_nl_3_dropout_0_only_vad,True
217,8,32,256,2,0.0,10,26.026273727416992,30.280433654785156,0.37999993562698364,0.9842970967292786,0.013978199101984501,0.07082093507051468,0.07082115113735199,1.4943149089813232,1.5578869581222534,29.0,dur_8_bs_32_lstm_hs_256_lstm_nl_2_dropout_0_only_vad,True
218,6,32,128,2,0.3,10,22.227527618408203,17.274261474609375,0.3800002932548523,0.9812634587287903,0.016686391085386276,0.08395621925592422,0.0839560329914093,1.1122697591781616,1.7266701459884644,18.0,dur_6_bs_32_lstm_hs_128_lstm_nl_2_dropout_0.3_only_vad,True
219,4,128,256,2,0.0,10,4.769974708557129,4.596253871917725,0.3400002121925354,0.9798879027366638,0.04527642950415611,0.26817092299461365,0.10259336978197098,0.08404947817325592,0.08152785897254944,26.0,dur_4_bs_128_lstm_hs_256_lstm_nl_2_dropout_0,False
220,10,128,256,3,0.0,10,17.696741104125977,37.35738754272461,0.44000014662742615,0.985018253326416,0.014542046934366226,0.0693209245800972,0.06932085007429123,2.5280144214630127,1.02418851852417,24.0,dur_10_bs_128_lstm_hs_256_lstm_nl_3_dropout_0_only_vad,True
221,8,128,256,2,0.3,10,3.898961067199707,4.480531692504883,0.4400000274181366,0.983546257019043,0.039620112627744675,0.21539030969142914,0.0787307545542717,0.08929143100976944,0.04736795648932457,20.0,dur_8_bs_128_lstm_hs_256_lstm_nl_2_dropout_0.3,False
222,6,128,256,2,0.0,10,4.234102249145508,4.414612770080566,0.4600001573562622,0.9811328053474426,0.0417313277721405,0.20289093255996704,0.080534428358078,0.07967184484004974,0.042684685438871384,32.0,dur_6_bs_128_lstm_hs_256_lstm_nl_2_dropout_0,False
223,8,64,128,2,0.0,10,3.9468021392822266,4.422985076904297,0.36000001430511475,0.9833431839942932,0.039606448262929916,0.21825915575027466,0.07938563823699951,0.09319870173931122,0.0456748902797699,30.0,dur_8_bs_64_lstm_hs_128_lstm_nl_2_dropout_0,False
224,8,128,128,3,0.3,10,3.899508237838745,4.541636943817139,0.47999995946884155,0.983645498752594,0.039768628776073456,0.21893277764320374,0.07984823733568192,0.08659578859806061,0.0524887777864933,21.0,dur_8_bs_128_lstm_hs_128_lstm_nl_3_dropout_0.3,False
225,10,32,256,3,0.0,10,23.261341094970703,25.087026596069336,0.4400002360343933,0.984679102897644,0.014020722359418869,0.07361952215433121,0.07361957430839539,1.555848479270935,1.6300921440124512,16.0,dur_10_bs_32_lstm_hs_256_lstm_nl_3_dropout_0_only_vad,True
226,4,64,128,2,0.3,10,21.699655532836914,15.534714698791504,0.400000661611557,0.9802147746086121,0.01822967268526554,0.10196506232023239,0.10196495801210403,0.8146738409996033,1.30793035030365,31.0,dur_4_bs_64_lstm_hs_128_lstm_nl_2_dropout_0.3_only_vad,True
227,10,64,256,3,0.0,10,3.9055569171905518,4.35713529586792,0.3800000846385956,0.9838314652442932,0.03904024511575699,0.15681475400924683,0.07048269361257553,0.062479112297296524,0.023852812126278877,29.0,dur_10_bs_64_lstm_hs_256_lstm_nl_3_dropout_0,False
228,4,32,256,3,0.3,10,5.081685543060303,4.823696136474609,0.36000022292137146,0.9783847332000732,0.047480080276727676,0.30150073766708374,0.10948949307203293,0.10446511209011078,0.08754631876945496,21.0,dur_4_bs_32_lstm_hs_256_lstm_nl_3_dropout_0.3,False
229,8,64,256,2,0.3,10,19.49715805053711,12.48302173614502,0.4999999701976776,0.9847538471221924,0.014452227391302586,0.06978774815797806,0.06978781521320343,0.8108660578727722,0.8486657738685608,34.0,dur_8_bs_64_lstm_hs_256_lstm_nl_2_dropout_0.3_only_vad,True
230,8,64,128,2,0.0,10,19.886096954345703,15.87850570678711,0.39999985694885254,0.9845933318138123,0.014585737138986588,0.0742582380771637,0.07425811141729355,1.1114963293075562,1.3181178569793701,22.0,dur_8_bs_64_lstm_hs_128_lstm_nl_2_dropout_0_only_vad,True
231,8,128,256,3,0.0,10,3.932281017303467,4.303005695343018,0.4400000274181366,0.9835794568061829,0.039092183113098145,0.18008042871952057,0.07447407394647598,0.07180062681436539,0.03380582109093666,23.0,dur_8_bs_128_lstm_hs_256_lstm_nl_3_dropout_0,False
232,10,128,128,3,0.5,10,3.943434000015259,4.409187316894531,0.4600001275539398,0.98383629322052,0.03946917876601219,0.20618098974227905,0.07686205953359604,0.08704612404108047,0.04227275773882866,32.0,dur_10_bs_128_lstm_hs_128_lstm_nl_3_dropout_0.5,False
233,4,32,128,2,0.5,10,20.794559478759766,28.76576805114746,0.48000138998031616,0.9765588045120239,0.01998024806380272,0.12095599621534348,0.12095599621534348,1.4264148473739624,1.5065197944641113,19.0,dur_4_bs_32_lstm_hs_128_lstm_nl_2_dropout_0.5_only_vad,True
234,10,64,128,2,0.3,10,21.45800018310547,13.728381156921387,0.4200001657009125,0.9849094152450562,0.014315081760287285,0.07055339217185974,0.070553258061409,0.6731640696525574,1.1896040439605713,26.0,dur_10_bs_64_lstm_hs_128_lstm_nl_2_dropout_0.3_only_vad,True
235,4,32,256,3,0.0,10,4.899559020996094,4.528273582458496,0.36000022292137146,0.9801341891288757,0.044884130358695984,0.27013683319091797,0.10153963416814804,0.09680146723985672,0.07179547101259232,22.0,dur_4_bs_32_lstm_hs_256_lstm_nl_3_dropout_0,False
236,8,128,128,3,0.5,10,23.934602737426758,30.834707260131836,0.520000159740448,0.9842849969863892,0.015184348449110985,0.07307306677103043,0.07307303696870804,2.4125730991363525,2.4729645252227783,31.0,dur_8_bs_128_lstm_hs_128_lstm_nl_3_dropout_0.5_only_vad,True
237,4,32,256,2,0.3,10,18.609487533569336,37.16676712036133,0.45999962091445923,0.9773247241973877,0.019824830815196037,0.12018109858036041,0.12018092721700668,2.7014575004577637,0.9383436441421509,4.0,dur_4_bs_32_lstm_hs_256_lstm_nl_2_dropout_0.3_only_vad,True
238,6,128,256,2,0.3,10,4.097362518310547,4.43808650970459,0.3999998867511749,0.9812185168266296,0.04113180562853813,0.22519493103027344,0.0829843282699585,0.0923895612359047,0.04982088878750801,23.0,dur_6_bs_128_lstm_hs_256_lstm_nl_2_dropout_0.3,False
239,8,64,256,2,0.0,10,4.006442070007324,4.354126930236816,0.3799999952316284,0.9834632873535156,0.03957949951291084,0.2006726861000061,0.07630317658185959,0.0853203684091568,0.03904921934008598,29.0,dur_8_bs_64_lstm_hs_256_lstm_nl_2_dropout_0,False
240,4,128,128,3,0.3,10,20.10281753540039,18.490697860717773,0.42000019550323486,0.97992342710495,0.018991300836205482,0.10199255496263504,0.10199242830276489,1.2172694206237793,1.3408397436141968,22.0,dur_4_bs_128_lstm_hs_128_lstm_nl_3_dropout_0.3_only_vad,True
241,6,64,128,3,0.0,10,4.108646869659424,4.484875202178955,0.31999993324279785,0.9815763831138611,0.04107777774333954,0.19922317564487457,0.08101767301559448,0.07397153973579407,0.04423406347632408,34.0,dur_6_bs_64_lstm_hs_128_lstm_nl_3_dropout_0,False
242,8,128,128,2,0.3,10,21.931550979614258,36.11042404174805,0.4200000762939453,0.9845761656761169,0.014864476397633553,0.07158134132623672,0.0715811476111412,2.1141037940979004,1.476913571357727,32.0,dur_8_bs_128_lstm_hs_128_lstm_nl_2_dropout_0.3_only_vad,True
243,10,32,128,2,0.0,10,3.963409423828125,4.532973289489746,0.4400002360343933,0.9835702776908875,0.03983372822403908,0.20954284071922302,0.07886221259832382,0.0826476439833641,0.04803299531340599,27.0,dur_10_bs_32_lstm_hs_128_lstm_nl_2_dropout_0,False
244,4,32,128,3,0.3,10,4.902225971221924,4.62832498550415,0.4400006830692291,0.9797235131263733,0.04545215144753456,0.2608582079410553,0.10424365848302841,0.08346210420131683,0.07315239310264587,34.0,dur_4_bs_32_lstm_hs_128_lstm_nl_3_dropout_0.3,False
245,4,64,128,2,0.3,10,4.721543788909912,4.579805850982666,0.3600003123283386,0.9794706106185913,0.04485873878002167,0.306226909160614,0.10694868117570877,0.1077471598982811,0.09153159707784653,32.0,dur_4_bs_64_lstm_hs_128_lstm_nl_2_dropout_0.3,False
246,8,32,256,3,0.0,10,3.966743230819702,4.409761428833008,0.41999977827072144,0.9838513135910034,0.03931050002574921,0.21701659262180328,0.07783502340316772,0.09455163776874542,0.044630080461502075,26.0,dur_8_bs_32_lstm_hs_256_lstm_nl_3_dropout_0,False
247,8,32,128,2,0.3,10,19.124929428100586,31.607484817504883,0.45999962091445923,0.9847779870033264,0.013848138973116875,0.07412807643413544,0.07412809133529663,3.548619270324707,1.2188494205474854,33.0,dur_8_bs_32_lstm_hs_128_lstm_nl_2_dropout_0.3_only_vad,True
248,4,128,128,3,0.0,10,16.736663818359375,18.612503051757812,0.42000019550323486,0.9803810119628906,0.01858849823474884,0.09649267792701721,0.09649283438920975,0.5549466013908386,0.8941187858581543,34.0,dur_4_bs_128_lstm_hs_128_lstm_nl_3_dropout_0_only_vad,True
249,8,64,128,3,0.3,10,23.856487274169922,20.021678924560547,0.4999999701976776,0.984507143497467,0.01451545488089323,0.07329338043928146,0.0732933059334755,1.298688530921936,1.930234432220459,31.0,dur_8_bs_64_lstm_hs_128_lstm_nl_3_dropout_0.3_only_vad,True
250,6,64,256,3,0.0,10,4.122767925262451,4.566469192504883,0.3400002121925354,0.9818659424781799,0.041345883160829544,0.19925788044929504,0.07944485545158386,0.07880423218011856,0.041008781641721725,28.0,dur_6_bs_64_lstm_hs_256_lstm_nl_3_dropout_0,False
251,10,32,256,2,0.3,10,18.16341209411621,14.156514167785645,0.3799998164176941,0.9842674136161804,0.014573399908840656,0.08004165440797806,0.08004171401262283,0.7714387774467468,1.041641116142273,11.0,dur_10_bs_32_lstm_hs_256_lstm_nl_2_dropout_0.3_only_vad,True
252,4,128,128,2,0.0,10,27.26022720336914,14.899880409240723,0.39999985694885254,0.9805114269256592,0.018510309979319572,0.09813939779996872,0.09813936799764633,0.6168662905693054,2.9696693420410156,31.0,dur_4_bs_128_lstm_hs_128_lstm_nl_2_dropout_0_only_vad,True
253,10,128,128,2,0.0,10,16.99090003967285,10.509445190429688,0.44000014662742615,0.9847990870475769,0.014781379140913486,0.06947282701730728,0.0694727897644043,0.5196657180786133,0.7691336870193481,26.0,dur_10_bs_128_lstm_hs_128_lstm_nl_2_dropout_0_only_vad,True
254,6,64,128,3,0.5,10,24.50716209411621,13.288415908813477,0.4200001657009125,0.9822015166282654,0.016795676201581955,0.08016720414161682,0.08016718178987503,0.8790745139122009,2.018723964691162,33.0,dur_6_bs_64_lstm_hs_128_lstm_nl_3_dropout_0.5_only_vad,True
255,8,128,128,2,0.0,10,3.9499237537384033,4.520753383636475,0.4400000274181366,0.9831961989402771,0.040135592222213745,0.22799743711948395,0.08076304197311401,0.09299669414758682,0.054237641394138336,23.0,dur_8_bs_128_lstm_hs_128_lstm_nl_2_dropout_0,False
256,10,128,128,2,0.3,10,17.619163513183594,36.11202621459961,0.36000004410743713,0.9849273562431335,0.014654687605798244,0.06885535269975662,0.0688554123044014,4.270081043243408,0.8451199531555176,30.0,dur_10_bs_128_lstm_hs_128_lstm_nl_2_dropout_0.3_only_vad,True
257,10,32,128,3,0.3,10,26.692806243896484,37.904632568359375,0.4400002360343933,0.9848847389221191,0.013982917182147503,0.07141302525997162,0.07141287624835968,3.865236520767212,2.0270683765411377,28.0,dur_10_bs_32_lstm_hs_128_lstm_nl_3_dropout_0.3_only_vad,True
258,8,32,128,2,0.3,10,3.903233766555786,4.601551055908203,0.41999977827072144,0.9831481575965881,0.039887551218271255,0.25323569774627686,0.0831495076417923,0.10994436591863632,0.06014204025268555,30.0,dur_8_bs_32_lstm_hs_128_lstm_nl_2_dropout_0.3,False
259,10,32,256,3,0.5,10,17.518108367919922,10.715003967285156,0.3799998164176941,0.9821797609329224,0.016590071842074394,0.09310676157474518,0.0931064561009407,0.4563802480697632,0.8219504356384277,3.0,dur_10_bs_32_lstm_hs_256_lstm_nl_3_dropout_0.5_only_vad,True
260,4,64,128,2,0.5,10,18.60988426208496,26.97020721435547,0.4399995505809784,0.9802358150482178,0.018235569819808006,0.10420814901590347,0.10420776158571243,0.5260125994682312,1.3790702819824219,23.0,dur_4_bs_64_lstm_hs_128_lstm_nl_2_dropout_0.5_only_vad,True
261,10,64,256,3,0.3,10,3.815403938293457,4.362151145935059,0.4200001657009125,0.9840619564056396,0.038520172238349915,0.18895931541919708,0.0742175430059433,0.07862130552530289,0.036120351403951645,21.0,dur_10_bs_64_lstm_hs_256_lstm_nl_3_dropout_0.3,False
262,6,128,256,2,0.3,10,20.00018882751465,15.457707405090332,0.4799998700618744,0.9819245934486389,0.01735984906554222,0.08137501031160355,0.08137500286102295,1.0665730237960815,1.0605857372283936,29.0,dur_6_bs_128_lstm_hs_256_lstm_nl_2_dropout_0.3_only_vad,True
263,8,128,256,3,0.3,10,19.527528762817383,18.410865783691406,0.47999995946884155,0.9846733212471008,0.014740172773599625,0.07551423460245132,0.07551423460245132,1.3961772918701172,1.1968994140625,14.0,dur_8_bs_128_lstm_hs_256_lstm_nl_3_dropout_0.3_only_vad,True
264,4,32,128,3,0.0,10,20.25520133972168,10.836432456970215,0.4400006830692291,0.9794959425926208,0.01787552982568741,0.11109840869903564,0.11109839379787445,0.4157558083534241,1.2323132753372192,10.0,dur_4_bs_32_lstm_hs_128_lstm_nl_3_dropout_0_only_vad,True
265,6,128,256,3,0.0,10,4.105422019958496,4.466562747955322,0.4200001657009125,0.9809924364089966,0.04129485413432121,0.21467448770999908,0.08088279515504837,0.08845244348049164,0.045339059084653854,23.0,dur_6_bs_128_lstm_hs_256_lstm_nl_3_dropout_0,False
266,4,128,256,2,0.5,10,4.807571887969971,4.5787787437438965,0.3600001931190491,0.979347825050354,0.04549891874194145,0.28412842750549316,0.10499082505702972,0.08977595716714859,0.08936195820569992,25.0,dur_4_bs_128_lstm_hs_256_lstm_nl_2_dropout_0.5,False
267,10,32,128,3,0.0,10,25.768661499023438,18.504714965820312,0.31999996304512024,0.9849881529808044,0.013892460614442825,0.06854484230279922,0.06854481250047684,1.2436304092407227,2.239274024963379,31.0,dur_10_bs_32_lstm_hs_128_lstm_nl_3_dropout_0_only_vad,True
268,10,64,128,3,0.0,10,3.897245168685913,4.4340643882751465,0.3999999165534973,0.9838520884513855,0.03928251564502716,0.2013692557811737,0.07654448598623276,0.08290242403745651,0.041922442615032196,25.0,dur_10_bs_64_lstm_hs_128_lstm_nl_3_dropout_0,False
269,4,32,128,3,0.0,10,5.029562950134277,4.800307750701904,0.45999962091445923,0.9785317778587341,0.046940095722675323,0.2984517812728882,0.10857507586479187,0.10255369544029236,0.08732330054044724,14.0,dur_4_bs_32_lstm_hs_128_lstm_nl_3_dropout_0,False
270,6,64,256,2,0.5,10,25.84682846069336,29.40468406677246,0.4400002658367157,0.9818282723426819,0.01689242385327816,0.08188889920711517,0.08188880980014801,1.2640889883041382,2.5709521770477295,28.0,dur_6_bs_64_lstm_hs_256_lstm_nl_2_dropout_0.5_only_vad,True
271,4,32,128,2,0.3,10,4.898256778717041,4.739017486572266,0.41999882459640503,0.9791286587715149,0.045960284769535065,0.2937828302383423,0.1096433624625206,0.09731481969356537,0.08682485669851303,30.0,dur_4_bs_32_lstm_hs_128_lstm_nl_2_dropout_0.3,False
272,6,32,256,3,0.3,10,4.270227909088135,4.592870712280273,0.4199993312358856,0.9813202619552612,0.042012132704257965,0.22288157045841217,0.08431684225797653,0.08433397859334946,0.054230690002441406,16.0,dur_6_bs_32_lstm_hs_256_lstm_nl_3_dropout_0.3,False
273,10,32,256,2,0.5,10,25.48232078552246,34.67668151855469,0.4400002360343933,0.9844982624053955,0.014382422901690006,0.07614365220069885,0.07614360749721527,3.4437994956970215,1.9324252605438232,15.0,dur_10_bs_32_lstm_hs_256_lstm_nl_2_dropout_0.5_only_vad,True
274,10,64,128,2,0.0,10,20.02190589904785,19.504669189453125,0.4200001657009125,0.9852202534675598,0.014109835959970951,0.06920962035655975,0.0692095160484314,1.2832846641540527,1.0864146947860718,24.0,dur_10_bs_64_lstm_hs_128_lstm_nl_2_dropout_0_only_vad,True
275,6,64,128,2,0.0,10,18.060749053955078,11.08814811706543,0.4599996507167816,0.9821329116821289,0.01679990626871586,0.07874419540166855,0.07874427735805511,0.4008966088294983,0.9677261114120483,31.0,dur_6_bs_64_lstm_hs_128_lstm_nl_2_dropout_0_only_vad,True
276,8,64,256,3,0.5,10,25.69264030456543,11.214470863342285,0.5400001406669617,0.9818371534347534,0.01711895689368248,0.08981338143348694,0.08981339633464813,0.6680164933204651,2.114109992980957,14.0,dur_8_bs_64_lstm_hs_256_lstm_nl_3_dropout_0.5_only_vad,True
277,4,64,256,3,0.3,10,4.706217288970947,4.4835028648376465,0.4399995505809784,0.9803828001022339,0.04419263079762459,0.29087671637535095,0.10245972871780396,0.10605780780315399,0.08235924690961838,28.0,dur_4_bs_64_lstm_hs_256_lstm_nl_3_dropout_0.3,False
278,8,128,256,3,0.3,10,3.9484598636627197,4.447583198547363,0.47999995946884155,0.984137237071991,0.03951769694685936,0.1799849569797516,0.07462430745363235,0.0721302181482315,0.03323034197092056,32.0,dur_8_bs_128_lstm_hs_256_lstm_nl_3_dropout_0.3,False
279,4,64,256,2,0.0,10,4.830933570861816,4.419254779815674,0.400000661611557,0.9795705676078796,0.0448315292596817,0.27677562832832336,0.10092739015817642,0.10093424469232559,0.07491441816091537,34.0,dur_4_bs_64_lstm_hs_256_lstm_nl_2_dropout_0,False
280,6,32,256,2,0.0,10,4.058450698852539,4.511723518371582,0.4799998104572296,0.9811421036720276,0.04087043181061745,0.2238025814294815,0.08314953744411469,0.09149710088968277,0.04915629327297211,32.0,dur_6_bs_32_lstm_hs_256_lstm_nl_2_dropout_0,False
281,8,32,128,2,0.5,10,4.145261287689209,4.722193717956543,0.49999985098838806,0.9833090305328369,0.041396304965019226,0.2990332841873169,0.08703014254570007,0.13472050428390503,0.07728240638971329,22.0,dur_8_bs_32_lstm_hs_128_lstm_nl_2_dropout_0.5,False
282,4,128,128,2,0.5,10,5.117849826812744,4.85284423828125,0.4599996507167816,0.978722095489502,0.048154089599847794,0.3364233076572418,0.11198337376117706,0.11278559267520905,0.1116543784737587,27.0,dur_4_bs_128_lstm_hs_128_lstm_nl_2_dropout_0.5,False
283,6,128,256,2,0.5,10,25.26284408569336,27.24882698059082,0.4200001657009125,0.9818481802940369,0.017215151339769363,0.07520115375518799,0.0752011314034462,1.8239227533340454,1.8732707500457764,34.0,dur_6_bs_128_lstm_hs_256_lstm_nl_2_dropout_0.5_only_vad,True
284,4,64,256,2,0.5,10,4.921309947967529,4.646296977996826,0.4199993312358856,0.9796100854873657,0.046038199216127396,0.3275500237941742,0.10850369930267334,0.11953587085008621,0.09951087832450867,20.0,dur_4_bs_64_lstm_hs_256_lstm_nl_2_dropout_0.5,False
285,6,32,128,3,0.0,10,18.47113037109375,29.901334762573242,0.45999962091445923,0.9801995158195496,0.01777980662882328,0.08943828195333481,0.08943837136030197,2.2808854579925537,0.9189956784248352,8.0,dur_6_bs_32_lstm_hs_128_lstm_nl_3_dropout_0_only_vad,True
