,duration,batch_size,hidden_size,num_layers,dropout,stride,c50ValMetric,snrValMetric,vadOptiTh,vadValMetric,ValidationMetric,TrainLoss,vadLoss,snrLoss,c50Loss,best_epoch,name
0,6,128,256,2,0.5,10,4.1152801513671875,4.42527961730957,0.5,0.9803937077522278,0.06277559697628021,0.37509071826934814,0.08760412037372589,0.22181111574172974,0.06567545980215073,16.0,dur_6_bs_128_lstm_hs_256_lstm_nl_2_dropout_0.5
1,2,32,128,2,0.5,10,6.478751182556152,4.785205841064453,0.32000261545181274,0.9683015942573547,0.0794273093342781,0.5200752019882202,0.17757797241210938,0.16549508273601532,0.17700044810771942,3.0,dur_2_bs_32_lstm_hs_128_lstm_nl_2_dropout_0.5
2,6,64,128,2,0.5,10,4.462360382080078,4.466281414031982,0.4200001657009125,0.9803669452667236,0.06465336680412292,0.4252551794052124,0.09043727070093155,0.2633092999458313,0.0715087279677391,11.0,dur_6_bs_64_lstm_hs_128_lstm_nl_2_dropout_0.5
3,2,128,256,2,0.5,10,6.568471908569336,4.694458961486816,0.3600004017353058,0.9690301418304443,0.07998494803905487,0.6334302425384521,0.17920207977294922,0.24034985899925232,0.21387840807437897,2.0,dur_2_bs_128_lstm_hs_256_lstm_nl_2_dropout_0.5
4,6,64,128,2,0.0,10,4.2827677726745605,4.4392218589782715,0.3799998164176941,0.9806916117668152,0.06345304101705551,0.39206206798553467,0.0871986672282219,0.24139101803302765,0.0634721964597702,14.0,dur_6_bs_64_lstm_hs_128_lstm_nl_2_dropout_0
5,2,64,128,3,0.5,10,6.467345237731934,4.836112976074219,0.339998722076416,0.9686271548271179,0.08033253252506256,0.5885941982269287,0.17814499139785767,0.2120068073272705,0.19844187796115875,3.0,dur_2_bs_64_lstm_hs_128_lstm_nl_3_dropout_0.5
6,2,128,128,2,0.3,10,6.406163692474365,4.655704498291016,0.45999959111213684,0.9691358208656311,0.07887444645166397,0.6136548519134521,0.17567123472690582,0.23002155125141144,0.20796169340610504,4.0,dur_2_bs_128_lstm_hs_128_lstm_nl_2_dropout_0.3
7,6,32,256,3,0.5,10,4.35832405090332,4.476770401000977,0.439999520778656,0.9812654256820679,0.06371036916971207,0.36652877926826477,0.08813078701496124,0.2167128026485443,0.06168516352772713,11.0,dur_6_bs_32_lstm_hs_256_lstm_nl_3_dropout_0.5
8,4,128,256,3,0.3,10,4.968986988067627,4.298369407653809,0.4599996507167816,0.9791584014892578,0.06613042950630188,0.4554955065250397,0.10913937538862228,0.2532549202442169,0.09310118108987808,10.0,dur_4_bs_128_lstm_hs_256_lstm_nl_3_dropout_0.3
9,2,128,128,3,0.3,10,6.500158309936523,4.823979377746582,0.31999993324279785,0.9683630466461182,0.08095531165599823,0.6435033082962036,0.18178284168243408,0.2356179654598236,0.2261016070842743,2.0,dur_2_bs_128_lstm_hs_128_lstm_nl_3_dropout_0.3
10,4,64,128,3,0.0,10,5.123627185821533,4.461030960083008,0.4799998104572296,0.9779412150382996,0.06831108033657074,0.45735591650009155,0.11295370012521744,0.24851274490356445,0.09588915854692459,6.0,dur_4_bs_64_lstm_hs_128_lstm_nl_3_dropout_0
11,6,32,128,2,0.3,10,4.383871555328369,4.5430450439453125,0.45999962091445923,0.9802896976470947,0.06463845819234848,0.4033108949661255,0.09077057987451553,0.23936305940151215,0.07317699491977692,8.0,dur_6_bs_32_lstm_hs_128_lstm_nl_2_dropout_0.3
12,4,128,256,2,0.3,10,5.141951084136963,4.306633949279785,0.47999972105026245,0.9775597453117371,0.06741868704557419,0.46983906626701355,0.10981766879558563,0.2610419690608978,0.09897955507040024,8.0,dur_4_bs_128_lstm_hs_256_lstm_nl_2_dropout_0.3
13,6,128,128,3,0.3,10,4.188605785369873,4.385044574737549,0.43999990820884705,0.9811217784881592,0.06253885477781296,0.4029959440231323,0.08700177818536758,0.2539229094982147,0.06207127124071121,17.0,dur_6_bs_128_lstm_hs_128_lstm_nl_3_dropout_0.3
14,2,32,256,3,0.3,10,6.584629535675049,4.744410037994385,0.44000178575515747,0.9694563746452332,0.07920560240745544,0.5247835516929626,0.17998917400836945,0.17056706547737122,0.1742287278175354,2.0,dur_2_bs_32_lstm_hs_256_lstm_nl_3_dropout_0.3
15,6,64,256,2,0.0,10,4.2235236167907715,4.350255966186523,0.3600001931190491,0.9811038970947266,0.06231280416250229,0.3978446424007416,0.08449213951826096,0.2584649622440338,0.0548875592648983,14.0,dur_6_bs_64_lstm_hs_256_lstm_nl_2_dropout_0
16,2,128,128,2,0.0,10,6.243754863739014,4.5654497146606445,0.41999921202659607,0.9691687226295471,0.0773804634809494,0.5847392082214355,0.17108222842216492,0.22080545127391815,0.1928529292345047,5.0,dur_2_bs_128_lstm_hs_128_lstm_nl_2_dropout_0
17,4,64,256,2,0.3,10,5.090458869934082,4.366122245788574,0.4199993312358856,0.9784319996833801,0.06733068823814392,0.4587508738040924,0.11250647157430649,0.2473578304052353,0.09888599067926407,6.0,dur_4_bs_64_lstm_hs_256_lstm_nl_2_dropout_0.3
18,2,32,128,3,0.3,10,6.34055233001709,4.844633102416992,0.3999977707862854,0.9694288372993469,0.07873944193124771,0.5118216872215271,0.17398960888385773,0.16413836181163788,0.17369414865970612,4.0,dur_2_bs_32_lstm_hs_128_lstm_nl_3_dropout_0.3
19,6,32,256,2,0.3,10,4.273052215576172,4.435670852661133,0.439999520778656,0.9809451103210449,0.06299281865358353,0.3697889745235443,0.08715862780809402,0.22204849123954773,0.060581423342227936,13.0,dur_6_bs_32_lstm_hs_256_lstm_nl_2_dropout_0.3
20,2,128,256,3,0.5,10,6.301692008972168,4.807255744934082,0.4000008702278137,0.969409167766571,0.07956047356128693,0.6108389496803284,0.17283378541469574,0.23128974437713623,0.2067151814699173,4.0,dur_2_bs_128_lstm_hs_256_lstm_nl_3_dropout_0.5
21,4,128,128,2,0.3,10,5.00688362121582,4.488622665405273,0.39999985694885254,0.9782729744911194,0.0681808814406395,0.496432900428772,0.11566640436649323,0.2667692005634308,0.11399716138839722,7.0,dur_4_bs_128_lstm_hs_128_lstm_nl_2_dropout_0.3
22,6,128,128,2,0.0,10,4.253694534301758,4.4637603759765625,0.3999998867511749,0.980092465877533,0.06383228302001953,0.4204227328300476,0.0902811661362648,0.2558112144470215,0.07433037459850311,10.0,dur_6_bs_128_lstm_hs_128_lstm_nl_2_dropout_0
23,4,128,128,3,0.3,10,4.9558939933776855,4.495579719543457,0.39999985694885254,0.9781379699707031,0.06799344718456268,0.4814738929271698,0.11174668371677399,0.26010891795158386,0.10961806774139404,9.0,dur_4_bs_128_lstm_hs_128_lstm_nl_3_dropout_0.3
24,6,64,128,2,0.3,10,4.470247745513916,4.4739670753479,0.4200001657009125,0.9804714918136597,0.06476076692342758,0.4099765121936798,0.08958567678928375,0.2528988718986511,0.06749192625284195,12.0,dur_6_bs_64_lstm_hs_128_lstm_nl_2_dropout_0.3
25,6,32,128,3,0.0,10,4.404117107391357,4.3792009353637695,0.3800002932548523,0.9803653955459595,0.06328995525836945,0.38624030351638794,0.08722016960382462,0.23703166842460632,0.061988260596990585,11.0,dur_6_bs_32_lstm_hs_128_lstm_nl_3_dropout_0
26,2,64,256,2,0.3,10,6.371532440185547,4.776510238647461,0.40000101923942566,0.969220757484436,0.07932739704847336,0.536881685256958,0.17310687899589539,0.2070988118648529,0.1566758006811142,3.0,dur_2_bs_64_lstm_hs_256_lstm_nl_2_dropout_0.3
27,2,64,256,3,0.0,10,6.1494245529174805,4.638400554656982,0.4600003659725189,0.9705917835235596,0.07665502279996872,0.5316190719604492,0.16832469403743744,0.19998489320278168,0.16330976784229279,4.0,dur_2_bs_64_lstm_hs_256_lstm_nl_3_dropout_0
28,6,64,256,3,0.3,10,4.215690612792969,4.45695686340332,0.4400002658367157,0.9805257320404053,0.06330835074186325,0.40094906091690063,0.08641740679740906,0.25480782985687256,0.0597238764166832,12.0,dur_6_bs_64_lstm_hs_256_lstm_nl_3_dropout_0.3
29,4,64,128,2,0.0,10,5.037834644317627,4.451419830322266,0.4399995505809784,0.9778439998626709,0.06797566264867783,0.46497848629951477,0.11328592896461487,0.2452954798936844,0.10639676451683044,7.0,dur_4_bs_64_lstm_hs_128_lstm_nl_2_dropout_0
30,6,64,128,3,0.3,10,4.331294536590576,4.479100227355957,0.3799998164176941,0.981026828289032,0.06385480612516403,0.4127615988254547,0.0879732295870781,0.258949339389801,0.06583911180496216,12.0,dur_6_bs_64_lstm_hs_128_lstm_nl_3_dropout_0.3
31,4,32,128,2,0.0,10,4.981854438781738,4.406991481781006,0.4400006830692291,0.9787470102310181,0.06671885401010513,0.40999075770378113,0.11092697829008102,0.21032987534999847,0.08873412758111954,10.0,dur_4_bs_32_lstm_hs_128_lstm_nl_2_dropout_0
32,2,128,256,2,0.0,10,6.460280895233154,4.628940582275391,0.4000008702278137,0.9695444107055664,0.07879924029111862,0.6079782247543335,0.17280003428459167,0.23305673897266388,0.2021210789680481,3.0,dur_2_bs_128_lstm_hs_256_lstm_nl_2_dropout_0
33,2,32,256,2,0.5,10,6.452715873718262,4.786798000335693,0.3999977707862854,0.9698106050491333,0.07884859293699265,0.5048592686653137,0.17390736937522888,0.1657639890909195,0.16518652439117432,4.0,dur_2_bs_32_lstm_hs_256_lstm_nl_2_dropout_0.5
34,2,64,256,3,0.3,10,6.229616641998291,4.521978378295898,0.4199987053871155,0.9703752994537354,0.07607081532478333,0.543548583984375,0.17011237144470215,0.20330165326595306,0.1701354682445526,4.0,dur_2_bs_64_lstm_hs_256_lstm_nl_3_dropout_0.3
35,4,128,128,3,0.0,10,4.946109771728516,4.408483028411865,0.39999985694885254,0.9777354001998901,0.06740038096904755,0.47975489497184753,0.11235345155000687,0.25564318895339966,0.11175841838121414,7.0,dur_4_bs_128_lstm_hs_128_lstm_nl_3_dropout_0
36,4,64,128,3,0.5,10,4.962100505828857,4.494831562042236,0.4999997317790985,0.9783031940460205,0.06773886829614639,0.4450382888317108,0.11395005881786346,0.23633882403373718,0.09474950283765793,7.0,dur_4_bs_64_lstm_hs_128_lstm_nl_3_dropout_0.5
37,2,128,128,2,0.5,10,6.616801738739014,4.782894611358643,0.38000041246414185,0.968656599521637,0.08105301856994629,0.6299612522125244,0.17918364703655243,0.2305225282907486,0.2202550172805786,3.0,dur_2_bs_128_lstm_hs_128_lstm_nl_2_dropout_0.5
38,6,32,256,3,0.0,10,4.191277503967285,4.450881004333496,0.400000661611557,0.9816452860832214,0.0625433549284935,0.36304226517677307,0.0843793973326683,0.22263117134571075,0.05603130906820297,14.0,dur_6_bs_32_lstm_hs_256_lstm_nl_3_dropout_0
39,4,128,256,3,0.5,10,4.952076435089111,4.398768901824951,0.42000019550323486,0.9783903956413269,0.0669773519039154,0.4797881841659546,0.11233019083738327,0.26200157403945923,0.1054564118385315,7.0,dur_4_bs_128_lstm_hs_256_lstm_nl_3_dropout_0.5
40,2,64,128,2,0.3,10,6.2617902755737305,4.637032508850098,0.48000073432922363,0.9698595404624939,0.07736054062843323,0.5719348788261414,0.17462225258350372,0.20679031312465668,0.19052238762378693,4.0,dur_2_bs_64_lstm_hs_128_lstm_nl_2_dropout_0.3
41,2,64,256,2,0.5,10,6.450455665588379,4.755561351776123,0.4600003659725189,0.9701496958732605,0.07918731123209,0.5542303323745728,0.17287033796310425,0.21338720619678497,0.1679730862379074,4.0,dur_2_bs_64_lstm_hs_256_lstm_nl_2_dropout_0.5
42,6,128,128,2,0.5,10,4.306758880615234,4.515493869781494,0.4200001657009125,0.9801885485649109,0.06445816159248352,0.42340514063835144,0.09010647237300873,0.2605779469013214,0.07272083312273026,15.0,dur_6_bs_128_lstm_hs_128_lstm_nl_2_dropout_0.5
43,4,32,256,2,0.5,10,5.176690578460693,4.573668003082275,0.4000009000301361,0.9773985743522644,0.0692891851067543,0.4577215909957886,0.11570382118225098,0.24555616080760956,0.09646065533161163,5.0,dur_4_bs_32_lstm_hs_256_lstm_nl_2_dropout_0.5
44,2,32,128,3,0.5,10,6.68085241317749,4.814676284790039,0.44000178575515747,0.9695723652839661,0.08018399029970169,0.5186818242073059,0.17646723985671997,0.16469743847846985,0.1775171011686325,4.0,dur_2_bs_32_lstm_hs_128_lstm_nl_3_dropout_0.5
45,4,32,256,3,0.5,10,5.0893473625183105,4.542571544647217,0.4400006830692291,0.9779902100563049,0.06838333606719971,0.4519646167755127,0.11326763033866882,0.24435284733772278,0.0943434089422226,7.0,dur_4_bs_32_lstm_hs_256_lstm_nl_3_dropout_0.5
46,6,32,128,3,0.5,10,4.247761249542236,4.5828657150268555,0.4799998104572296,0.9812098741531372,0.06406110525131226,0.39653804898262024,0.0888649970293045,0.24141328036785126,0.06626006960868835,13.0,dur_6_bs_32_lstm_hs_128_lstm_nl_3_dropout_0.5
47,4,64,256,3,0.0,10,4.998684883117676,4.414817810058594,0.400000661611557,0.9790325164794922,0.06705828011035919,0.43154987692832947,0.10862851142883301,0.21721649169921875,0.10570462793111801,9.0,dur_4_bs_64_lstm_hs_256_lstm_nl_3_dropout_0
48,2,32,256,2,0.0,10,6.557148456573486,4.708329677581787,0.3800019919872284,0.9693485498428345,0.07886961847543716,0.5088083744049072,0.17575828731060028,0.1651695966720581,0.16788017749786377,2.0,dur_2_bs_32_lstm_hs_256_lstm_nl_2_dropout_0
49,6,128,128,3,0.0,10,4.167947292327881,4.391526222229004,0.43999990820884705,0.9811813235282898,0.06254609674215317,0.3935149013996124,0.08527446538209915,0.25069659948349,0.057543784379959106,17.0,dur_6_bs_128_lstm_hs_128_lstm_nl_3_dropout_0
50,4,128,128,2,0.0,10,5.124029159545898,4.424412727355957,0.47999972105026245,0.9779998064041138,0.06827327609062195,0.4852558672428131,0.11272738873958588,0.2585074305534363,0.11402102559804916,8.0,dur_4_bs_128_lstm_hs_128_lstm_nl_2_dropout_0
51,6,128,256,3,0.3,10,3.9617185592651367,4.360670566558838,0.4200001657009125,0.9809451699256897,0.06129630655050278,0.37235718965530396,0.08479376882314682,0.23021049797534943,0.05735280364751816,15.0,dur_6_bs_128_lstm_hs_256_lstm_nl_3_dropout_0.3
52,6,128,128,2,0.3,10,4.333682537078857,4.422910213470459,0.43999990820884705,0.9802350401878357,0.06377902626991272,0.4064722955226898,0.0895620584487915,0.24793653190135956,0.06897376477718353,12.0,dur_6_bs_128_lstm_hs_128_lstm_nl_2_dropout_0.3
53,2,128,256,3,0.0,10,6.514873504638672,4.625568389892578,0.4000008702278137,0.9695661067962646,0.07900761067867279,0.6302460432052612,0.17583465576171875,0.23736101388931274,0.21704992651939392,2.0,dur_2_bs_128_lstm_hs_256_lstm_nl_3_dropout_0
54,2,32,128,3,0.0,10,6.645315170288086,4.66054630279541,0.3800019919872284,0.9697616100311279,0.07873503118753433,0.5040104389190674,0.17079514265060425,0.16293491423130035,0.170280322432518,4.0,dur_2_bs_32_lstm_hs_128_lstm_nl_3_dropout_0
55,4,64,128,3,0.3,10,4.905828952789307,4.452637195587158,0.4399995505809784,0.9785565137863159,0.06694434583187103,0.45805326104164124,0.11267170310020447,0.25084394216537476,0.09453761577606201,7.0,dur_4_bs_64_lstm_hs_128_lstm_nl_3_dropout_0.3
56,6,32,128,3,0.3,10,4.417315483093262,4.4569621086120605,0.31999996304512024,0.9807119965553284,0.06392935663461685,0.4040161967277527,0.0889093428850174,0.25100263953208923,0.06410446763038635,11.0,dur_6_bs_32_lstm_hs_128_lstm_nl_3_dropout_0.3
57,4,32,128,3,0.5,10,5.034111499786377,4.4974846839904785,0.41999882459640503,0.9788228869438171,0.06757983565330505,0.4092540442943573,0.11247161030769348,0.2068936973810196,0.08988863974809647,10.0,dur_4_bs_32_lstm_hs_128_lstm_nl_3_dropout_0.5
58,6,32,128,2,0.5,10,4.306240081787109,4.53922700881958,0.400000661611557,0.9795500636100769,0.06441795825958252,0.42437025904655457,0.09221905469894409,0.255437433719635,0.07671383768320084,10.0,dur_6_bs_32_lstm_hs_128_lstm_nl_2_dropout_0.5
59,6,64,256,3,0.5,10,4.4389801025390625,4.520001411437988,0.47999969124794006,0.980039119720459,0.06504382193088531,0.42483896017074585,0.09002315253019333,0.26309239864349365,0.07172311842441559,10.0,dur_6_bs_64_lstm_hs_256_lstm_nl_3_dropout_0.5
60,2,64,256,3,0.5,10,6.199906826019287,4.645235538482666,0.48000073432922363,0.9697652459144592,0.07710956782102585,0.5604866147041321,0.17224767804145813,0.2092505842447281,0.17898835241794586,4.0,dur_2_bs_64_lstm_hs_256_lstm_nl_3_dropout_0.5
61,4,128,256,3,0.0,10,4.943010330200195,4.334163188934326,0.42000019550323486,0.9791364669799805,0.06634358316659927,0.4412596523761749,0.10723276436328888,0.23904623091220856,0.0949806496500969,10.0,dur_4_bs_128_lstm_hs_256_lstm_nl_3_dropout_0
62,6,64,256,2,0.5,10,4.140131950378418,4.366797924041748,0.47999969124794006,0.9813439249992371,0.061953261494636536,0.4062558710575104,0.08556753396987915,0.2692441940307617,0.05144378915429115,17.0,dur_6_bs_64_lstm_hs_256_lstm_nl_2_dropout_0.5
63,2,64,128,2,0.0,10,6.52839469909668,4.671513080596924,0.4199987053871155,0.9691147208213806,0.07934305816888809,0.5812159180641174,0.1755083203315735,0.2106115221977234,0.19509653747081757,3.0,dur_2_bs_64_lstm_hs_128_lstm_nl_2_dropout_0
64,2,128,256,3,0.3,10,6.088785648345947,4.5133538246154785,0.41999921202659607,0.9707058072090149,0.07564966380596161,0.592549204826355,0.1706000119447708,0.224843367934227,0.19710586965084076,4.0,dur_2_bs_128_lstm_hs_256_lstm_nl_3_dropout_0.3
65,6,32,128,2,0.0,10,4.1950459480285645,4.495838165283203,0.3800002932548523,0.9802888631820679,0.06335718929767609,0.3938354551792145,0.08906705677509308,0.23786602914333344,0.06690248101949692,13.0,dur_6_bs_32_lstm_hs_128_lstm_nl_2_dropout_0
66,6,64,128,3,0.5,10,4.1428656578063965,4.455489158630371,0.39999982714653015,0.9806337356567383,0.06288108974695206,0.40989530086517334,0.08801106363534927,0.258171945810318,0.06371214985847473,15.0,dur_6_bs_64_lstm_hs_128_lstm_nl_3_dropout_0.5
67,6,128,128,3,0.5,10,4.165343284606934,4.456763744354248,0.4200001657009125,0.9809354543685913,0.06314872205257416,0.40905481576919556,0.08876723051071167,0.2551902234554291,0.06509764492511749,13.0,dur_6_bs_128_lstm_hs_128_lstm_nl_3_dropout_0.5
68,2,32,256,3,0.5,10,6.64948844909668,4.92795467376709,0.44000178575515747,0.9687846302986145,0.08126159757375717,0.5264160633087158,0.181570366024971,0.168800488114357,0.1760449856519699,2.0,dur_2_bs_32_lstm_hs_256_lstm_nl_3_dropout_0.5
69,4,32,256,2,0.0,10,5.017470359802246,4.448544502258301,0.48000138998031616,0.9783696532249451,0.06734579056501389,0.4358848035335541,0.11187638342380524,0.23025111854076385,0.09375753998756409,6.0,dur_4_bs_32_lstm_hs_256_lstm_nl_2_dropout_0
70,2,64,128,3,0.3,10,6.245235443115234,4.661508560180664,0.49999964237213135,0.9701059460639954,0.07737670838832855,0.5683313608169556,0.17367032170295715,0.20419779419898987,0.19046232104301453,4.0,dur_2_bs_64_lstm_hs_128_lstm_nl_3_dropout_0.3
71,6,64,256,2,0.3,10,4.149478912353516,4.354959964752197,0.4200001657009125,0.9812895655632019,0.061960116028785706,0.3789408802986145,0.08510752767324448,0.2406197041273117,0.053213708102703094,13.0,dur_6_bs_64_lstm_hs_256_lstm_nl_2_dropout_0.3
72,4,64,128,2,0.5,10,4.954120635986328,4.496875286102295,0.45999959111213684,0.9780182838439941,0.06782083213329315,0.4832538664340973,0.1154705062508583,0.25399112701416016,0.1137915626168251,7.0,dur_4_bs_64_lstm_hs_128_lstm_nl_2_dropout_0.5
73,2,64,128,3,0.0,10,6.277833938598633,4.716883659362793,0.4400010108947754,0.9704453349113464,0.07801004499197006,0.5659576654434204,0.17116014659404755,0.20914240181446075,0.18565510213375092,4.0,dur_2_bs_64_lstm_hs_128_lstm_nl_3_dropout_0
74,4,32,128,2,0.5,10,5.2589311599731445,4.389154434204102,0.48000138998031616,0.978367030620575,0.06796794384717941,0.4296809136867523,0.11271388083696365,0.22312696278095245,0.0938398689031601,11.0,dur_4_bs_32_lstm_hs_128_lstm_nl_2_dropout_0.5
75,6,32,256,2,0.5,10,4.694381237030029,4.810558795928955,0.45999962091445923,0.9791896343231201,0.06870926171541214,0.42705774307250977,0.09911500662565231,0.2303139716386795,0.09762831032276154,11.0,dur_6_bs_32_lstm_hs_256_lstm_nl_2_dropout_0.5
76,6,128,256,3,0.5,10,4.371530055999756,4.412777423858643,0.43999990820884705,0.9813904762268066,0.06351377069950104,0.3759814500808716,0.08534441888332367,0.23312267661094666,0.05751406401395798,15.0,dur_6_bs_128_lstm_hs_256_lstm_nl_3_dropout_0.5
77,2,32,256,3,0.0,10,6.564613342285156,4.840849876403809,0.3999977707862854,0.9694690704345703,0.07982315868139267,0.49523767828941345,0.17059406638145447,0.16365452110767365,0.1609877645969391,4.0,dur_2_bs_32_lstm_hs_256_lstm_nl_3_dropout_0
78,2,128,128,3,0.5,10,6.379348278045654,4.845584392547607,0.43999961018562317,0.9682453274726868,0.08055086433887482,0.626196026802063,0.17856593430042267,0.23307190835475922,0.2145586609840393,3.0,dur_2_bs_128_lstm_hs_128_lstm_nl_3_dropout_0.5
79,4,128,128,3,0.5,10,5.228207588195801,4.404222011566162,0.39999985694885254,0.9783064126968384,0.0684773325920105,0.4895181953907013,0.11334022879600525,0.2654559016227722,0.11072199046611786,9.0,dur_4_bs_128_lstm_hs_128_lstm_nl_3_dropout_0.5
80,4,64,256,3,0.5,10,5.134634017944336,4.66627311706543,0.400000661611557,0.9778543710708618,0.07016023248434067,0.4590528905391693,0.11576966941356659,0.22136136889457703,0.12192165851593018,6.0,dur_4_bs_64_lstm_hs_256_lstm_nl_3_dropout_0.5
81,2,32,128,2,0.3,10,6.470369338989258,4.781125068664551,0.3999977707862854,0.9690054655075073,0.0792776569724083,0.5241653323173523,0.17661456763744354,0.16767926514148712,0.17987024784088135,3.0,dur_2_bs_32_lstm_hs_128_lstm_nl_2_dropout_0.3
82,2,32,256,2,0.3,10,6.696552276611328,4.879123210906982,0.44000178575515747,0.968485951423645,0.08117828518152237,0.5532478094100952,0.1862202137708664,0.17730209231376648,0.18972648680210114,2.0,dur_2_bs_32_lstm_hs_256_lstm_nl_2_dropout_0.3
83,4,128,256,2,0.0,10,4.874927520751953,4.264803886413574,0.4599996507167816,0.9791219234466553,0.06543602049350739,0.4511028230190277,0.1079452782869339,0.25803038477897644,0.08512700349092484,10.0,dur_4_bs_128_lstm_hs_256_lstm_nl_2_dropout_0
84,6,128,256,2,0.0,10,4.402981281280518,4.300593376159668,0.4200001657009125,0.9812021255493164,0.06291468441486359,0.3836744427680969,0.08379059284925461,0.24301092326641083,0.05687282979488373,17.0,dur_6_bs_128_lstm_hs_256_lstm_nl_2_dropout_0
85,2,32,128,2,0.0,10,6.390638828277588,4.7256855964660645,0.3999977707862854,0.9696537256240845,0.07825374603271484,0.5060144066810608,0.17236106097698212,0.16052700579166412,0.1731269359588623,4.0,dur_2_bs_32_lstm_hs_128_lstm_nl_2_dropout_0
86,2,64,128,2,0.5,10,6.270455360412598,4.741993427276611,0.37999922037124634,0.9693129062652588,0.07842514663934708,0.5832403302192688,0.1761082112789154,0.21000955998897552,0.19712218642234802,4.0,dur_2_bs_64_lstm_hs_128_lstm_nl_2_dropout_0.5
87,4,32,256,3,0.3,10,5.10965633392334,4.344737529754639,0.41999882459640503,0.9787505865097046,0.06666707992553711,0.43794727325439453,0.10993825644254684,0.24124747514724731,0.08676094561815262,10.0,dur_4_bs_32_lstm_hs_256_lstm_nl_3_dropout_0.3
88,4,32,256,2,0.3,10,5.201068878173828,4.397016525268555,0.41999882459640503,0.9784466624259949,0.0676635205745697,0.42861220240592957,0.11036880314350128,0.23291419446468353,0.08532939851284027,10.0,dur_4_bs_32_lstm_hs_256_lstm_nl_2_dropout_0.3
89,4,32,256,3,0.0,10,4.936642169952393,4.374770641326904,0.48000138998031616,0.9787340760231018,0.06617193669080734,0.43648406863212585,0.10878659784793854,0.23937925696372986,0.08831866830587387,8.0,dur_4_bs_32_lstm_hs_256_lstm_nl_3_dropout_0
90,6,128,256,2,0.3,10,4.282933712005615,4.310718536376953,0.4600001573562622,0.9813300371170044,0.06236777454614639,0.36274173855781555,0.08405634760856628,0.22420185804367065,0.05448361858725548,17.0,dur_6_bs_128_lstm_hs_256_lstm_nl_2_dropout_0.3
91,6,64,128,3,0.0,10,4.316760063171387,4.431638717651367,0.3600001931190491,0.980562150478363,0.06359084695577621,0.39620241522789,0.08665283024311066,0.24556677043437958,0.06398292630910873,12.0,dur_6_bs_64_lstm_hs_128_lstm_nl_3_dropout_0
92,4,32,128,3,0.3,10,4.993274211883545,4.537947654724121,0.4400006830692291,0.9782983064651489,0.06781904399394989,0.4087480306625366,0.11307355761528015,0.20725220441818237,0.08842186629772186,7.0,dur_4_bs_32_lstm_hs_128_lstm_nl_3_dropout_0.3
93,2,64,256,2,0.0,10,6.170735836029053,4.565497875213623,0.4600003659725189,0.9707253575325012,0.07618746161460876,0.5445292592048645,0.16990336775779724,0.2059575617313385,0.16866886615753174,4.0,dur_2_bs_64_lstm_hs_256_lstm_nl_2_dropout_0
94,4,64,128,2,0.3,10,5.164086818695068,4.537400722503662,0.4399995505809784,0.9780359268188477,0.06918394565582275,0.44930848479270935,0.11523639410734177,0.2332516610622406,0.10082022100687027,6.0,dur_4_bs_64_lstm_hs_128_lstm_nl_2_dropout_0.3
95,6,64,256,3,0.0,10,4.098526954650879,4.343420505523682,0.3799998164176941,0.9810242652893066,0.06168077513575554,0.38801708817481995,0.08367491513490677,0.24955563247203827,0.05478652939200401,14.0,dur_6_bs_64_lstm_hs_256_lstm_nl_3_dropout_0
96,2,128,128,3,0.0,10,6.472836017608643,4.644067764282227,0.38000041246414185,0.9689530730247498,0.07913824915885925,0.6236981749534607,0.17827743291854858,0.23355558514595032,0.21186549961566925,2.0,dur_2_bs_128_lstm_hs_128_lstm_nl_3_dropout_0
97,6,128,256,3,0.0,10,4.140272617340088,4.3598952293396,0.43999990820884705,0.9812939167022705,0.06208670511841774,0.37458038330078125,0.08247426897287369,0.24343369901180267,0.048672471195459366,16.0,dur_6_bs_128_lstm_hs_256_lstm_nl_3_dropout_0
98,4,128,256,2,0.5,10,5.039910316467285,4.404608249664307,0.39999985694885254,0.9788069128990173,0.06748834252357483,0.4758464992046356,0.11134149879217148,0.26096728444099426,0.103537417948246,9.0,dur_4_bs_128_lstm_hs_256_lstm_nl_2_dropout_0.5
99,4,32,128,3,0.0,10,5.044559955596924,4.4702863693237305,0.4400006830692291,0.9777864813804626,0.06774907559156418,0.4115062355995178,0.11202133446931839,0.21373747289180756,0.08574741333723068,7.0,dur_4_bs_32_lstm_hs_128_lstm_nl_3_dropout_0
100,4,32,128,2,0.3,10,5.083499431610107,4.4874067306518555,0.45999962091445923,0.9784985780715942,0.06783263385295868,0.4174686372280121,0.11365023255348206,0.21012276411056519,0.09369572252035141,10.0,dur_4_bs_32_lstm_hs_128_lstm_nl_2_dropout_0.3
101,6,32,256,3,0.3,10,4.240877628326416,4.463948726654053,0.4199993312358856,0.9810425043106079,0.06309676170349121,0.3776043653488159,0.08853448182344437,0.2227187305688858,0.06635163724422455,9.0,dur_6_bs_32_lstm_hs_256_lstm_nl_3_dropout_0.3
102,4,64,256,3,0.3,10,4.921124458312988,4.413167953491211,0.4399995505809784,0.9790339469909668,0.06665262579917908,0.41694965958595276,0.11047762632369995,0.20164118707180023,0.10483071208000183,10.0,dur_4_bs_64_lstm_hs_256_lstm_nl_3_dropout_0.3
103,4,64,256,2,0.0,10,5.068226337432861,4.480071067810059,0.45999959111213684,0.9779798984527588,0.0682620108127594,0.4479070007801056,0.11476461589336395,0.21873517334461212,0.1144072487950325,6.0,dur_4_bs_64_lstm_hs_256_lstm_nl_2_dropout_0
104,6,32,256,2,0.0,10,4.337989330291748,4.577973365783691,0.400000661611557,0.9802045226097107,0.06475795060396194,0.3850148022174835,0.08978767693042755,0.22647425532341003,0.0687524676322937,7.0,dur_6_bs_32_lstm_hs_256_lstm_nl_2_dropout_0
105,2,128,256,2,0.3,10,6.458800315856934,4.740232467651367,0.4000008702278137,0.9692187905311584,0.07983742654323578,0.6335576772689819,0.17835204303264618,0.24016569554805756,0.21504071354866028,2.0,dur_2_bs_128_lstm_hs_256_lstm_nl_2_dropout_0.3
106,4,128,128,2,0.5,10,5.107552528381348,4.393889427185059,0.42000019550323486,0.9784494638442993,0.06775582581758499,0.4856296181678772,0.11387108266353607,0.2584805488586426,0.11327803134918213,10.0,dur_4_bs_128_lstm_hs_128_lstm_nl_2_dropout_0.5
107,4,64,256,2,0.5,10,4.890072822570801,4.421942710876465,0.4799998104572296,0.9784185290336609,0.06683718413114548,0.4727823734283447,0.11364801973104477,0.24459484219551086,0.11453912407159805,7.0,dur_4_bs_64_lstm_hs_256_lstm_nl_2_dropout_0.5
